slice_id,target,holdout_city,source_r2,source_rmse,source_mae,satca_r2,satca_rmse,satca_mae,seeds_count,delta_r2,delta_rmse,delta_mae,failure_count,max_failure_severity,has_negative_r2,has_satca_regression,failure_types,mean_incoming_domain_shift,p90_incoming_domain_shift,high_domain_shift,robustness_label
structural43,intersection_nodes,HongKong,0.4509738651917609,8.113916080926181,2.798281160309928,-0.0575810268812422,9.501965151865493,3.282895155387603,8,-0.5085548920730031,1.3880490709393118,0.48461399507767533,4.0,39.13602393230917,True,True,negative_r2;negative_r2_in_city_ridge;negative_r2_in_city_tabular_knn;satca_regression,0.47142390082644625,0.692613,False,regression
structural43,intersection_nodes,AddisAbaba,0.4660480347796512,2.2067086694293714,1.3920299358684336,0.2356859342223276,2.6145925680982227,1.6206589895665675,8,-0.2303621005573236,0.40788389866885133,0.2286290536981339,2.0,0.7667284437968385,True,True,negative_r2_loco_ridge;satca_regression,0.0,0.0,False,regression
structural43,intersection_nodes,London,0.2393145209977758,4.314400056141876,3.4045625018636256,0.0571880351196436,4.597583327094815,3.5662396860784837,8,-0.1821264858781322,0.2831832709529394,0.1616771842148581,5.0,16.43537001961565,True,True,negative_r2_in_city_ridge;negative_r2_in_city_tabular_knn;negative_r2_loco_ridge;negative_r2_loco_tabular_knn;satca_regression,0.47585091735537194,0.646896,False,regression
structural43,intersection_nodes,Accra,0.7421918361817894,3.331822180058266,2.34236009625178,0.599705588446315,4.330277923101649,2.649679767847641,8,-0.14248624773547436,0.9984557430433831,0.3073196715958608,8.0,148.91394153018746,True,True,negative_r2_in_city_ridge;negative_r2_in_city_tabular_knn;negative_r2_loco_ridge;satca_regression,0.41729375206611574,0.534023,False,regression
structural43,intersection_nodes,Mumbai,0.5639944211740517,0.6252269797494534,0.3141993766774246,0.4409724918127159,0.9496141862238824,0.400476770647666,8,-0.12302192936133582,0.324387206474429,0.08627739397024142,2.0,0.1999999999999997,True,True,negative_r2_in_city_tabular_knn;satca_regression,0.5126959834710744,0.720342,True,regression
structural43,intersection_nodes,RioDeJaneiro,0.8075319349676908,3.174491398124333,2.085219685719884,0.6910230551781398,3.83750736590482,2.350757330091729,8,-0.11650887978955105,0.663015967780487,0.2655376443718449,1.0,0.116508879789551,False,True,satca_regression,0.0,0.0,False,regression
structural43,intersection_nodes,Tokyo,0.1825240285064036,26.90004152756516,13.880013642067311,0.073323624272719,27.39982094483918,14.711415033129772,8,-0.10920040423368459,0.49977941727402,0.8314013910624602,7.0,7.603021103645238,True,True,negative_r2_in_city_ridge;negative_r2_in_city_tabular_knn;satca_regression,0.4716422396694215,0.663919,False,regression
structural43,intersection_nodes,NewYork,0.3931284999849728,10.905732371475722,5.735933304486954,0.2872570935871466,11.4146257452807,6.281340882899389,8,-0.10587140639782622,0.5088933738049786,0.5454075784124353,3.0,0.3021445868925416,True,True,negative_r2_in_city_ridge;satca_regression,0.49302185123966946,0.644737,True,regression
structural43,intersection_nodes,Istanbul,0.7226280852664824,3.855386557715673,2.6517053107297643,0.6282009306444317,4.257383756332545,2.7963896769646976,8,-0.09442715462205065,0.401997198616872,0.1446843662349333,4.0,0.569944600822462,True,True,negative_r2_in_city_ridge;negative_r2_in_city_tabular_knn;satca_regression,0.4444287355371901,0.524078,False,regression
structural43,intersection_nodes,Berlin,0.6129418136690455,5.9897201679833785,4.743154466917844,0.5249491282568006,6.770086353654313,5.147905585015916,8,-0.08799268541224492,0.7803661856709345,0.40475111809807274,4.0,1.123656777621206,True,True,negative_r2_in_city_ridge;negative_r2_in_city_tabular_knn;satca_regression,0.46231413223140494,0.62847,False,regression
structural43,intersection_nodes,Shanghai,0.687252256214697,2.640755448859124,2.033102285537048,0.6230957530765233,2.8442608635144966,2.095791542357804,8,-0.06415650313817367,0.20350541465537253,0.06268925682075599,4.0,1.380701455402435,True,True,negative_r2_in_city_tabular_knn;negative_r2_loco_ridge;negative_r2_loco_tabular_knn;satca_regression,0.489668132231405,0.705789,False,regression
structural43,intersection_nodes,Delhi,0.4486521621911046,5.414322502792433,3.842928214635396,0.3970553509800907,5.5679001202422285,4.027085254671441,8,-0.05159681121101389,0.1535776174497956,0.18415704003604505,5.0,0.6071273643106425,True,True,negative_r2_in_city_ridge;negative_r2_in_city_tabular_knn;satca_regression,0.49804103305785125,0.705858,True,regression
structural43,intersection_nodes,Paris,0.1172085469684312,26.204345331011723,15.79496862965447,0.0656134137305754,26.246067225944174,18.102009713647423,8,-0.05159513323785579,0.04172189493245071,2.307041083992953,4.0,0.5837111528442478,True,True,negative_r2_in_city_ridge;negative_r2_in_city_tabular_knn;negative_r2_loco_tabular_knn;satca_regression,0.4581593305785124,0.597562,False,regression
structural43,intersection_nodes,Chicago,0.6869945308251615,7.299904903638064,4.370630157467848,0.6424691197604171,7.766566524600552,4.566874175987125,8,-0.04452541106474439,0.46666162096248875,0.19624401851927686,6.0,3.936533632681309,True,True,negative_r2_in_city_ridge;negative_r2_in_city_tabular_knn;satca_regression,0.4920359173553719,0.635035,True,regression
structural43,intersection_nodes,Nairobi,0.6154532747544348,4.960104780139777,3.078678557476146,0.573470730005238,5.268917847815477,3.128209991588917,8,-0.041982544749196826,0.3088130676756995,0.049531434112771056,2.0,0.0419825447491968,True,True,negative_r2_in_city_ridge;satca_regression,0.4136910909090909,0.524845,False,regression
structural43,intersection_nodes,Lagos,0.3999032534512583,2.0305827946900727,1.3274289456567825,0.358215791207269,2.1402419992674764,1.357392656040233,8,-0.04168746224398934,0.10965920457740364,0.02996371038345047,7.0,3.041818181818181,True,True,negative_r2_in_city_ridge;negative_r2_in_city_tabular_knn;negative_r2_loco_ridge;negative_r2_loco_tabular_knn;satca_regression,0.4356408099173554,0.536909,False,regression
structural43,intersection_nodes,Seoul,0.6687786189576841,4.478529800095803,2.819176011596075,0.6409764751591962,4.665840218771638,2.950001816048869,8,-0.02780214379848789,0.18731041867583542,0.1308258044527939,6.0,0.6239027398465173,True,True,negative_r2_in_city_ridge;negative_r2_in_city_tabular_knn;negative_r2_loco_ridge;negative_r2_loco_tabular_knn;satca_regression,0.46626657851239667,0.668182,False,regression
structural43,intersection_nodes,Lima,0.6728301754128625,5.899518515086865,3.805996971395682,0.6468187827483403,6.125745589313272,3.865276038882815,8,-0.026011392664522237,0.22622707422640698,0.05927906748713285,3.0,11.244485981308411,True,True,negative_r2_in_city_ridge;negative_r2_in_city_tabular_knn;satca_regression,0.4688712479338843,0.601068,False,regression
structural43,intersection_nodes,Bangkok,0.2555972269472876,6.161879361795124,4.770978631871349,0.2330742262339403,6.252867230979586,4.7215504599497375,8,-0.022523000713347285,0.09098786918446145,-0.04942817192161186,5.0,0.2512495910200407,True,True,negative_r2_in_city_ridge;negative_r2_in_city_tabular_knn;negative_r2_loco_ridge;negative_r2_loco_tabular_knn;satca_regression,0.4925166033057851,0.694295,True,regression
structural43,intersection_nodes,Amsterdam,0.7336535278012064,6.605043181669409,4.0160926062101465,0.7360250493599076,6.344325475914259,3.801426157893218,8,0.0023715215587012395,-0.26071770575514996,-0.21466644831692872,3.0,4.2775,True,False,negative_r2_in_city_ridge;negative_r2_in_city_tabular_knn,0.47473804958677684,0.615478,False,improved
structural43,intersection_nodes,Toronto,0.6894020027579402,4.764733668719304,2.7054272190821917,0.6943371869339403,4.725492358669814,2.679245146045951,8,0.00493518417600014,-0.03924131004948972,-0.02618207303624054,1.0,0.0526250953010245,True,False,negative_r2_in_city_ridge,0.44847609917355374,0.657747,False,improved
structural43,intersection_nodes,Dubai,0.8383076313198444,4.024483817999168,2.581217931429702,0.8470812269724526,3.792951710183332,2.395338849618093,8,0.008773595652608157,-0.23153210781583589,-0.18587908181160895,2.0,0.2979661987969062,True,False,negative_r2_in_city_ridge;negative_r2_in_city_tabular_knn,0.4761047603305785,0.645109,False,improved
structural43,intersection_nodes,Vienna,0.7820894039463064,4.5072498246742265,3.1241581845831004,0.7958672910159039,4.232510712695273,2.9822084560828066,8,0.013777887069597483,-0.2747391119789535,-0.14194972850029375,4.0,3.462631986517388,True,False,negative_r2_in_city_ridge;negative_r2_in_city_tabular_knn,0.4231473636363636,0.651956,False,improved
structural43,intersection_nodes,Manila,0.5105445599130427,5.402545221441168,3.166704504594491,0.5293432906930686,5.329871070316203,3.3644937822205545,8,0.01879873078002592,-0.07267415112496511,0.1977892776260637,1.0,0.2166302365100052,True,False,negative_r2_in_city_ridge,0.450538173553719,0.558778,False,improved
structural43,intersection_nodes,LosAngeles,0.1346954315774655,16.889203439835274,8.537547812547317,0.1665212382583125,16.53750474660039,9.142602052751212,8,0.031825806680847,-0.35169869323488356,0.605054240203895,4.0,2.683847511005504,True,False,negative_r2_in_city_ridge;negative_r2_in_city_tabular_knn;negative_r2_loco_tabular_knn,0.5000409008264463,0.644458,True,improved
structural43,intersection_nodes,Jakarta,-0.1438581403654013,14.31783125468186,9.752385818958029,-0.1009691973122927,13.998754890231254,10.328800909961808,8,0.042888943053108586,-0.3190763644506056,0.5764150910037795,9.0,5.813783743843763,True,False,negative_r2;negative_r2_in_city_ridge;negative_r2_in_city_tabular_knn;negative_r2_loco_ridge;negative_r2_loco_tabular_knn,0.46544842148760335,0.588236,False,improved
structural43,intersection_nodes,CapeTown,0.6430980884133478,7.657924522413934,4.845612600238015,0.6887232731349193,6.94774510858249,4.824283922849114,8,0.04562518472157151,-0.7101794138314439,-0.021328677388900985,3.0,0.2097831102907241,True,False,negative_r2_in_city_ridge;negative_r2_in_city_tabular_knn,0.0,0.0,False,improved
structural43,intersection_nodes,MexicoCity,0.4424131552264693,8.07055808933029,5.673040035697756,0.5002702572733002,7.522745844303101,5.25978319642951,8,0.05785710204683092,-0.5478122450271901,-0.4132568392682465,2.0,1.3446790310613954,True,False,negative_r2_in_city_ridge,0.5116901487603306,0.673181,True,improved
structural43,intersection_nodes,KualaLumpur,0.6066236697031306,9.989647422085582,6.970692634016327,0.680964727944871,8.997121744155313,7.080895718727204,8,0.07434105824174031,-0.9925256779302689,0.11020308471087681,3.0,8.195047844663222,True,False,negative_r2_in_city_ridge;negative_r2_in_city_tabular_knn,0.0,0.0,False,improved
structural43,intersection_nodes,Hanoi,0.8084018587873943,8.389738198187562,5.193272001322531,0.8874214477755363,6.301785888288826,3.8569116633849454,8,0.07901958898814199,-2.0879523098987356,-1.3363603379375855,0.0,0.0,False,False,,0.4208812892561984,0.535181,False,improved
structural43,intersection_nodes,Santiago,0.6210168931595228,8.464787705566081,5.921802066288075,0.7093391755519651,7.351989620101474,4.936172656262274,8,0.08832228239244233,-1.1127980854646076,-0.9856294100258012,2.0,1.0574816176470594,True,False,negative_r2_in_city_ridge;negative_r2_in_city_tabular_knn,0.5268691570247934,0.680661,True,improved
structural43,intersection_nodes,BuenosAires,0.7621950679199242,5.093305936752727,3.33705165617119,0.8583505822555634,3.667298947139691,2.492569955598422,8,0.09615551433563918,-1.426006989613036,-0.8444817005727678,2.0,5.133566357113073,True,False,negative_r2_in_city_ridge;negative_r2_in_city_tabular_knn,0.0,0.0,False,improved
structural43,intersection_nodes,Johannesburg,0.4381154505782096,3.4370870198048995,2.715316887137484,0.5502727497187003,3.067278512792601,2.562099525113317,8,0.11215729914049072,-0.3698085070122983,-0.1532173620241668,0.0,0.0,False,False,,0.42302278512396696,0.534733,False,improved
structural43,intersection_nodes,Bogota,0.7709748648030572,7.375331795693214,4.712026557598781,0.8887566594630509,4.979372392094447,3.41178106956182,8,0.11778179465999372,-2.3959594035987664,-1.3002454880369614,0.0,0.0,False,False,,0.5167058677685951,0.6754,True,improved
structural43,intersection_nodes,Bengaluru,0.0511549343335987,9.749111182773746,6.5721821336792665,0.1704996461088286,9.095971015337966,6.730919829519932,8,0.11934471177522989,-0.6531401674357795,0.15873769584066544,5.0,4.334272281604622,True,False,negative_r2_in_city_ridge;negative_r2_in_city_tabular_knn;negative_r2_loco_ridge,0.475698867768595,0.673203,False,improved
structural43,intersection_nodes,Madrid,0.6373527415044292,9.020748941646383,6.195714034213863,0.7599278584226732,7.212590563132724,5.463999276125351,8,0.12257511691824396,-1.8081583785136592,-0.7317147580885113,1.0,0.125793368319135,True,False,negative_r2_in_city_ridge,0.4694416694214876,0.628082,False,improved
structural43,intersection_nodes,Beijing,0.6403966216911214,1.810398454571028,1.539302111173058,0.7670983282888866,1.4516630035020546,1.2051788553262166,8,0.12670170659776514,-0.35873545106897353,-0.33412325584684144,5.0,2.375575207854954,True,False,negative_r2_in_city_ridge;negative_r2_in_city_tabular_knn;negative_r2_loco_ridge;negative_r2_loco_tabular_knn,0.48840589256198347,0.706836,False,improved
structural43,intersection_nodes,Cairo,-0.1181054498519116,3.742732951200209,3.080640283075443,0.0143986280345248,3.52013598199444,2.781430956669428,8,0.1325040778864364,-0.22259696920576877,-0.29920932640601494,5.0,5.371749672817853,True,False,negative_r2_in_city_ridge;negative_r2_in_city_tabular_knn;negative_r2_loco_ridge;negative_r2_loco_tabular_knn,0.41538404132231405,0.527141,False,improved
structural43,intersection_nodes,Rome,0.6655370267740127,16.2687379651649,8.958523083197353,0.8279007442867381,11.277078253868378,7.341413989215579,8,0.16236371751272538,-4.991659711296521,-1.6171090939817736,1.0,0.0236674897073816,True,False,negative_r2_in_city_ridge,0.4635513305785124,0.629801,False,improved
structural43,intersection_nodes,Vancouver,0.3735522932728263,11.312854666078504,6.822621831532337,0.5662412903242506,9.341229419282058,6.963352776411085,8,0.19268899705142434,-1.971625246796446,0.14073094487874815,0.0,0.0,False,False,,0.4567435785123967,0.669595,False,improved
structural43,intersection_nodes,Singapore,0.4146906211505569,20.535815037628097,11.954809304047656,0.7510615626001882,13.43507666910543,10.605278827654583,8,0.3363709414496313,-7.100738368522668,-1.3495304763930722,0.0,0.0,False,False,,0.49823086776859504,0.696126,True,improved
structural43,intersection_nodes,SaoPaulo,0.439765161718926,8.166741176481498,6.494343852690253,0.8145433610602968,4.577198461775948,3.735362357005485,8,0.3747781993413708,-3.5895427147055496,-2.7589814956847682,1.0,0.7862322946175635,True,False,negative_r2_in_city_tabular_knn,0.514524826446281,0.66939,True,improved
structural43,intersection_nodes,Riyadh,-11.300133354606846,4.082187898462638,3.5454577069424107,-1.3097191664333143,1.749133512386882,1.217208288942682,8,9.990414188173531,-2.333054386075756,-2.3282494179997286,5.0,12.058983357652153,True,False,negative_r2;negative_r2_in_city_ridge;negative_r2_in_city_tabular_knn;negative_r2_loco_ridge;negative_r2_loco_tabular_knn,0.40571937190082646,0.557795,False,improved
structural43,road_segments,Lima,0.7221762289027037,165.23053802412616,117.21005823900435,0.6474932481037841,180.473154362448,131.04646391923097,8,-0.07468298079891966,15.242616338321852,13.836405680226619,3.0,1.4019355956382729,True,True,negative_r2_in_city_ridge;negative_r2_in_city_tabular_knn;satca_regression,0.4688712479338843,0.601068,False,regression
structural43,road_segments,Lagos,0.7800730024964406,77.63902484314708,47.73848226243258,0.7212458934474084,87.0141748749491,53.77544824024241,8,-0.05882710904903221,9.375150031802022,6.036965977809828,5.0,9.644571969939244,True,True,negative_r2_in_city_ridge;negative_r2_in_city_tabular_knn;satca_regression,0.4356408099173554,0.536909,False,regression
structural43,road_segments,Delhi,0.4668654100745444,101.93714493400265,65.02594324385876,0.410984022988578,105.16427512811816,72.09821241731264,8,-0.055881387085966405,3.2271301941155173,7.072269173453876,1.0,0.0558813870859664,False,True,satca_regression,0.49804103305785125,0.705858,True,regression
structural43,road_segments,Mumbai,0.7681576620044508,24.519316755455115,11.37773437239305,0.7224243124187064,27.77624079820555,13.213388889106875,8,-0.045733349585744376,3.256924042750434,1.8356545167138254,2.0,0.937270913027421,True,True,negative_r2_loco_tabular_knn;satca_regression,0.5126959834710744,0.720342,True,regression
structural43,road_segments,LosAngeles,0.6171541750228844,118.92578026358916,95.93011242747824,0.5733988688264162,123.77983492986408,100.74504118348436,8,-0.04375530619646817,4.854054666274919,4.814928756006125,4.0,0.7880782649104128,True,True,negative_r2_in_city_ridge;negative_r2_in_city_tabular_knn;satca_regression,0.5000409008264463,0.644458,True,regression
structural43,road_segments,KualaLumpur,0.782448420536558,191.1000182165603,124.7293501282128,0.7452654162808928,205.1739830856993,138.37363121383055,8,-0.03718300425566523,14.07396486913899,13.644281085617749,5.0,2.2653051858909112,True,True,negative_r2_in_city_ridge;negative_r2_in_city_tabular_knn;satca_regression,0.0,0.0,False,regression
structural43,road_segments,CapeTown,-0.1083558815278439,433.0708548071104,255.4985304261348,-0.1438387475458962,441.1479962181889,295.82529806019124,8,-0.03548286601805231,8.077141411078514,40.32676763405644,8.0,1.2712579586794113,True,True,negative_r2;negative_r2_in_city_ridge;negative_r2_in_city_tabular_knn;negative_r2_loco_tabular_knn;satca_regression,0.0,0.0,False,regression
structural43,road_segments,Singapore,0.8555535419343918,150.6309751339025,96.53061276785536,0.8241715383505526,165.40769049303813,105.6939906149436,8,-0.031382003583839246,14.776715359135636,9.163377847088242,1.0,0.0313820035838392,False,True,satca_regression,0.49823086776859504,0.696126,True,regression
structural43,road_segments,Paris,0.4879111576927915,342.9817908836721,219.4678472988468,0.4646954231262801,341.1800305416338,211.1804224505452,8,-0.02321573456651138,-1.8017603420382784,-8.287424848301612,5.0,0.7148772503225485,True,True,negative_r2_in_city_ridge;negative_r2_in_city_tabular_knn;negative_r2_loco_tabular_knn;satca_regression,0.4581593305785124,0.597562,False,regression
structural43,road_segments,Vancouver,0.9361906432739334,62.89451014428096,38.78736987979103,0.9177382144105076,71.10252360290278,47.54230241493534,8,-0.018452428863425796,8.20801345862182,8.754932535144313,1.0,0.0184524288634257,False,True,satca_regression,0.4567435785123967,0.669595,False,regression
structural43,road_segments,Santiago,0.8022111787288133,107.07545704314424,86.69098551030928,0.790271333081144,110.61311619843543,90.67835668757256,8,-0.011939845647669367,3.5376591552911947,3.9873711772632845,2.0,0.7354746084074955,True,True,negative_r2_in_city_tabular_knn;satca_regression,0.5268691570247934,0.680661,True,regression
structural43,road_segments,Istanbul,0.7172878823336483,116.00004136505822,73.31089370167463,0.7132763089721872,117.5784136194556,79.01068435716175,8,-0.004011573361461074,1.5783722543973795,5.699790655487121,3.0,0.467927867573785,True,True,negative_r2_in_city_tabular_knn;satca_regression,0.4444287355371901,0.524078,False,regression
structural43,road_segments,Chicago,0.6809276684853419,178.09533386043643,125.07153280780878,0.6785932805593624,186.28342578516543,112.08755481153857,8,-0.0023343879259795086,8.188091924729008,-12.983977996270212,2.0,0.5363841912766234,True,True,negative_r2_in_city_ridge;satca_regression,0.4920359173553719,0.635035,True,regression
structural43,road_segments,Bogota,0.499914255283353,193.87608180550305,133.81957309279198,0.4986856987169875,192.71666879823348,143.12344261011475,8,-0.0012285565663655018,-1.1594130072695634,9.303869517322767,1.0,0.0012285565663655,False,True,satca_regression,0.5167058677685951,0.6754,True,regression
structural43,road_segments,HongKong,0.4802631046547146,402.68311609607736,184.54335774896728,0.4824260587806165,335.7197584764192,192.36748678381412,8,0.0021629541259018947,-66.96335761965815,7.824129034846834,4.0,141.94595918367344,True,False,negative_r2_in_city_ridge;negative_r2_in_city_tabular_knn,0.47142390082644625,0.692613,False,improved
structural43,road_segments,Rome,0.7782441037345593,217.35095637563563,165.68373305321109,0.7820886245386625,216.07120240561824,157.70748652968638,8,0.0038445208041031353,-1.2797539700173957,-7.976246523524708,0.0,0.0,False,False,,0.4635513305785124,0.629801,False,improved
structural43,road_segments,Amsterdam,0.4426576675538081,109.43882949437749,98.9087546810328,0.4493314864800842,111.4127318433698,95.3099985029464,8,0.006673818926276109,1.9739023489923113,-3.598756178086404,5.0,1.4480751669097898,True,False,negative_r2_in_city_ridge;negative_r2_in_city_tabular_knn;negative_r2_loco_ridge;negative_r2_loco_tabular_knn,0.47473804958677684,0.615478,False,improved
structural43,road_segments,RioDeJaneiro,0.5185486687269373,169.69677401229166,118.22572982935276,0.527314550381192,168.0655693564886,127.68335617468163,8,0.008765881654254737,-1.6312046558030602,9.457626345328876,3.0,4.920833032078671,True,False,negative_r2_in_city_ridge;negative_r2_in_city_tabular_knn,0.0,0.0,False,improved
structural43,road_segments,Manila,0.8689632864443025,79.32314599629933,51.94396692054373,0.8805776360436176,75.04572955804969,50.20221158496277,8,0.011614349599315066,-4.277416438249645,-1.7417553355809616,1.0,1.2989678378387128,True,False,negative_r2_in_city_ridge,0.450538173553719,0.558778,False,improved
structural43,road_segments,BuenosAires,0.7722879167985124,75.76875327876242,52.82726067720008,0.7841011963295722,74.32492716758935,50.556257765834616,8,0.011813279531059817,-1.4438261111730668,-2.271002911365464,2.0,4.139039068311517,True,False,negative_r2_in_city_ridge,0.0,0.0,False,improved
structural43,road_segments,Hanoi,0.7098013667164613,191.76585839253863,136.29620798610964,0.7285667542158428,184.9002998954165,129.88604867012114,8,0.018765387499381503,-6.865558497122123,-6.410159315988494,0.0,0.0,False,False,,0.4208812892561984,0.535181,False,improved
structural43,road_segments,Accra,0.4780294526560774,177.14672624503538,94.11235733320255,0.4984605564217823,173.4605744554319,94.81480094613396,8,0.020431103765704894,-3.6861517896034854,0.702443612931404,2.0,0.5419743431310655,True,False,negative_r2_in_city_tabular_knn,0.41729375206611574,0.534023,False,improved
structural43,road_segments,MexicoCity,0.3090512701813462,187.42320161190173,158.9650421508261,0.3330533650257219,198.5227022805089,151.5474226510426,8,0.02400209484437571,11.099500668607163,-7.417619499783484,1.0,1.191071644171504,True,False,negative_r2_in_city_tabular_knn,0.5116901487603306,0.673181,True,improved
structural43,road_segments,Jakarta,0.5125631173774591,248.22692361490195,160.11004624288532,0.5371703808788098,239.78535346460924,155.78249460780432,8,0.024607263501350674,-8.441570150292705,-4.327551635080994,8.0,6.302450016854227,True,False,negative_r2_in_city_ridge;negative_r2_in_city_tabular_knn;negative_r2_loco_ridge;negative_r2_loco_tabular_knn,0.46544842148760335,0.588236,False,improved
structural43,road_segments,Shanghai,0.7703362607080304,75.74742133032154,66.31395544480998,0.7959418051382217,71.49901938491047,59.682873253200185,8,0.02560554443019125,-4.248401945411075,-6.631082191609792,2.0,1.1564475056660752,True,False,negative_r2_loco_ridge;negative_r2_loco_tabular_knn,0.489668132231405,0.705789,False,improved
structural43,road_segments,Toronto,0.8513738416690009,110.68853547803754,63.09880857223755,0.877936296639209,98.97743126377588,57.12472205682128,8,0.02656245497020815,-11.711104214261653,-5.974086515416275,0.0,0.0,False,False,,0.44847609917355374,0.657747,False,improved
structural43,road_segments,Tokyo,0.4476548384756071,392.8889283770597,226.2070987082872,0.4787210255279344,371.6994189605032,211.71639458547392,8,0.031066187052327277,-21.18950941655652,-14.49070412281327,3.0,3.104316853350229,True,False,negative_r2_in_city_ridge;negative_r2_in_city_tabular_knn,0.4716422396694215,0.663919,False,improved
structural43,road_segments,London,0.361665610983815,104.80916596251376,81.38749890950271,0.396663470138312,102.01959072033776,80.5647682022789,8,0.03499785915449699,-2.7895752421759994,-0.8227307072238119,5.0,4.857355184666339,True,False,negative_r2_in_city_ridge;negative_r2_in_city_tabular_knn;negative_r2_loco_ridge,0.47585091735537194,0.646896,False,improved
structural43,road_segments,Vienna,0.623714232725985,116.10493696816992,90.4987185815534,0.665002291940342,108.42635280355168,93.2521551688339,8,0.041288059214356965,-7.678584164618243,2.75343658728049,4.0,1.0163927101189811,True,False,negative_r2_in_city_ridge;negative_r2_in_city_tabular_knn;negative_r2_loco_tabular_knn,0.4231473636363636,0.651956,False,improved
structural43,road_segments,NewYork,0.369951776755023,212.8438812019279,136.08660489517726,0.4133251742385084,205.2920332234004,126.93971689743888,8,0.0433733974834854,-7.551847978527491,-9.146887997738375,1.0,0.201015764864489,True,False,negative_r2_in_city_tabular_knn,0.49302185123966946,0.644737,True,improved
structural43,road_segments,Bangkok,0.1732257642394709,132.6095820752864,119.46880967721486,0.2360966140817196,127.38241213665148,106.42302980407688,8,0.06287084984224872,-5.2271699386349155,-13.045779873137988,4.0,0.4038395675603161,True,False,negative_r2_in_city_ridge;negative_r2_in_city_tabular_knn;negative_r2_loco_ridge;negative_r2_loco_tabular_knn,0.4925166033057851,0.694295,True,improved
structural43,road_segments,Seoul,-0.1391494547159307,208.762296530708,154.40314499932447,-0.0562945885768223,200.97188751136963,150.9343349112615,8,0.08285486613910842,-7.7904090193383695,-3.4688100880629804,5.0,1.299537972982117,True,False,negative_r2;negative_r2_in_city_ridge;negative_r2_in_city_tabular_knn;negative_r2_loco_tabular_knn,0.46626657851239667,0.668182,False,improved
structural43,road_segments,Nairobi,0.6607243440378722,150.1753567157507,118.05178305196458,0.7488676384397974,128.9835948063725,105.40924691951132,8,0.08814329440192525,-21.191761909378187,-12.642536132453259,1.0,0.0406927636321559,True,False,negative_r2_in_city_ridge,0.4136910909090909,0.524845,False,improved
structural43,road_segments,SaoPaulo,0.3118718818436085,167.00861912003768,122.78774571291466,0.4325224528637074,150.0510529634646,111.37351228549778,8,0.1206505710200989,-16.95756615657308,-11.414233427416875,3.0,1.1184255005842147,True,False,negative_r2_in_city_ridge;negative_r2_in_city_tabular_knn,0.514524826446281,0.66939,True,improved
structural43,road_segments,Berlin,0.5918610638418332,134.59786511337688,118.68658704751246,0.7354683700998714,108.1281761407131,92.45018014662784,8,0.1436073062580382,-26.46968897266379,-26.236406900884617,1.0,0.0705097496764659,True,False,negative_r2_loco_tabular_knn,0.46231413223140494,0.62847,False,improved
structural43,road_segments,Bengaluru,-0.4064945131827976,168.377705499603,133.8796995616309,-0.2606300650798577,155.35683861442112,123.57873006119864,8,0.14586444810293991,-13.020866885181874,-10.30096950043226,3.0,1.038752531012172,True,False,negative_r2;negative_r2_in_city_tabular_knn;negative_r2_loco_tabular_knn,0.475698867768595,0.673203,False,improved
structural43,road_segments,Beijing,-0.4733698200039503,96.429312565382,74.10346131911922,-0.3058837972770342,91.88917311574713,73.74244192587308,8,0.1674860227269161,-4.540139449634879,-0.3610193932461385,9.0,3.277777820500238,True,False,negative_r2;negative_r2_in_city_ridge;negative_r2_in_city_tabular_knn;negative_r2_loco_ridge;negative_r2_loco_tabular_knn,0.48840589256198347,0.706836,False,improved
structural43,road_segments,AddisAbaba,-0.0619854707590247,138.5028224013636,106.33714904666036,0.1742282675431877,121.63125575887534,92.68629367526556,8,0.2362137383022124,-16.87156664248826,-13.650855371394798,3.0,0.7649541188694895,True,False,negative_r2_in_city_ridge;negative_r2_in_city_tabular_knn,0.0,0.0,False,improved
structural43,road_segments,Madrid,0.0874440824405812,259.66254046780824,217.55065795824612,0.3576522118944537,216.14037969875653,172.8997810056029,8,0.27020812945387246,-43.52216076905171,-44.650876952643216,3.0,3.5235205767497755,True,False,negative_r2_in_city_ridge;negative_r2_in_city_tabular_knn,0.4694416694214876,0.628082,False,improved
structural43,road_segments,Riyadh,0.0332370863953047,89.91148012353945,72.21502438326013,0.3278709296471599,74.780043725174,61.15011000789422,8,0.2946338432518552,-15.131436398365452,-11.064914375365909,4.0,0.9370472619815702,True,False,negative_r2_in_city_ridge;negative_r2_in_city_tabular_knn;negative_r2_loco_ridge;negative_r2_loco_tabular_knn,0.40571937190082646,0.557795,False,improved
structural43,road_segments,Johannesburg,-0.3835197410594656,88.72854863958995,72.66604222589754,-0.0597933465530183,76.06851357848944,65.8416603127911,8,0.3237263945064473,-12.660035061100501,-6.824381913106436,5.0,2.3006986372001843,True,False,negative_r2;negative_r2_in_city_ridge;negative_r2_in_city_tabular_knn;negative_r2_loco_ridge;negative_r2_loco_tabular_knn,0.42302278512396696,0.534733,False,improved
structural43,road_segments,Dubai,0.389884583313921,493.5113998916568,303.38291679096324,0.7694019844017814,301.5487497841557,209.6301346795184,8,0.3795174010878604,-191.96265010750113,-93.75278211144484,1.0,0.5374692593641335,True,False,negative_r2_in_city_tabular_knn,0.4761047603305785,0.645109,False,improved
structural43,road_segments,Cairo,-0.8471433272776114,315.05046717546776,243.36704087697095,-0.3067231938044278,266.01950679379564,204.1728776213497,8,0.5404201334731836,-49.03096038167212,-39.19416325562125,7.0,4.788996124893962,True,False,negative_r2;negative_r2_in_city_ridge;negative_r2_in_city_tabular_knn;negative_r2_loco_ridge;negative_r2_loco_tabular_knn,0.41538404132231405,0.527141,False,improved
heldout17,intersection_nodes,RioDeJaneiro,0.7704769615719538,3.4917073427841503,2.286435751188874,0.6235075133351653,4.235777364667924,2.576730035180721,8,-0.14696944823678848,0.7440700218837737,0.29029428399184676,1.0,0.1469694482367884,False,True,satca_regression,0.0,0.0,False,regression
heldout17,intersection_nodes,Accra,0.7534101507311167,3.19593739534362,2.244616360628594,0.6137464108438797,4.171665734855038,2.55107996715292,8,-0.13966373988723702,0.9757283395114182,0.30646360652432625,1.0,0.139663739887237,False,True,satca_regression,0.41729375206611574,0.534023,False,regression
heldout17,intersection_nodes,Mumbai,0.5066188825909987,0.8523599117515408,0.4098701714338814,0.3741878637194725,1.1352305556904403,0.4801053799723656,8,-0.13243101887152625,0.2828706439388995,0.0702352085384842,1.0,0.1324310188715262,False,True,satca_regression,0.5126959834710744,0.720342,True,regression
heldout17,intersection_nodes,Tokyo,0.1408581254068787,27.457171286075457,14.19664762419489,0.0209113879430711,27.881241535072817,15.253896556806756,8,-0.1199467374638076,0.42407024899736,1.0572489326118664,1.0,0.1199467374638076,False,True,satca_regression,0.4716422396694215,0.663919,False,regression
heldout17,intersection_nodes,Lagos,0.5934629896586476,1.7407036323479763,1.1560316142330644,0.4889885578693052,1.943642573445032,1.2458343357858748,8,-0.10447443178934246,0.20293894109705568,0.08980272155281033,1.0,0.1044744317893424,False,True,satca_regression,0.4356408099173554,0.536909,False,regression
heldout17,intersection_nodes,NewYork,0.403244409610482,11.012390951441034,5.345528166384973,0.3120846732288687,11.532011952521144,6.194666490874897,8,-0.09115973638161334,0.5196210010801092,0.8491383244899238,1.0,0.0911597363816133,False,True,satca_regression,0.49302185123966946,0.644737,True,regression
heldout17,intersection_nodes,Chicago,0.6201820067562,8.538401599605542,4.858496603886538,0.5342089665459033,8.533492015732648,5.067405972736985,8,-0.08597304021029673,-0.00490958387289453,0.2089093688504473,1.0,0.0859730402102967,False,True,satca_regression,0.4920359173553719,0.635035,True,regression
heldout17,intersection_nodes,Delhi,0.3937925812951106,5.72219655441774,3.84567447657248,0.3355430537145589,5.849084507434039,4.122628083914174,8,-0.058249527580551685,0.12688795301629874,0.27695360734169405,1.0,0.0582495275805516,False,True,satca_regression,0.49804103305785125,0.705858,True,regression
heldout17,intersection_nodes,Nairobi,0.6604832474836146,4.812675355057378,2.579051908516836,0.6274333656696048,5.04027016100623,2.698875475774414,8,-0.03304988181400981,0.2275948059488524,0.11982356725757759,1.0,0.0330498818140098,False,True,satca_regression,0.4136910909090909,0.524845,False,regression
heldout17,intersection_nodes,Seoul,0.5702416923242108,5.114254663208234,3.134189128582294,0.5481491648805601,5.24282986279712,3.206073407275233,8,-0.022092527443650756,0.1285751995888864,0.07188427869293923,1.0,0.0220925274436507,False,True,satca_regression,0.46626657851239667,0.668182,False,regression
heldout17,intersection_nodes,Toronto,0.6006730124344978,5.512985042130378,2.861141796533249,0.6100259876109093,5.418896464617769,3.242685700110616,8,0.009352975176411538,-0.09408857751260857,0.3815439035773669,0.0,0.0,False,False,,0.44847609917355374,0.657747,False,improved
heldout17,intersection_nodes,Dubai,0.8213914221754266,4.277383497258058,2.6708753125079534,0.841736043836472,3.8716194285566834,2.459781695904071,8,0.020344621661045448,-0.4057640687013748,-0.2110936166038826,0.0,0.0,False,False,,0.4761047603305785,0.645109,False,improved
heldout17,intersection_nodes,Johannesburg,0.4868725655847534,3.262194472966276,2.5643134032453467,0.5357450292121557,3.1036391725773207,2.577784081707056,8,0.04887246362740233,-0.15855530038895527,0.013470678461709351,0.0,0.0,False,False,,0.42302278512396696,0.534733,False,improved
heldout17,intersection_nodes,CapeTown,0.5890899520281037,8.290416893813159,5.203213380013866,0.7093129722958709,6.615528465620429,4.571481950226058,8,0.12022302026776721,-1.6748884281927303,-0.6317314297878074,0.0,0.0,False,False,,0.0,0.0,False,improved
heldout17,intersection_nodes,Paris,-0.0661263996227349,28.741115199026115,17.360089657305014,0.0646394601438147,26.68948046016623,17.93436054853163,8,0.13076585976654959,-2.0516347388598852,0.5742708912266146,0.0,0.0,False,False,,0.4581593305785124,0.597562,False,improved
heldout17,intersection_nodes,Singapore,0.3201211309109991,22.07682091802522,12.854109920314276,0.6654524839352823,15.526237876538689,12.276258985255485,8,0.34533135302428325,-6.550583041486531,-0.577850935058791,0.0,0.0,False,False,,0.49823086776859504,0.696126,True,improved
heldout17,intersection_nodes,Cairo,-0.7986312446988577,4.728373753128855,4.0429860259962345,-0.0775532170638906,3.6880828628644906,2.927165723733088,8,0.7210780276349671,-1.0402908902643642,-1.1158203022631463,1.0,0.0775532170638906,True,False,negative_r2,0.41538404132231405,0.527141,False,improved
heldout17,road_segments,Mumbai,0.2253944835075864,47.28299761575315,22.263277250677397,-0.0876674521677291,53.35422623078693,28.983465747343665,8,-0.3130619356753155,6.071228615033775,6.7201884966662675,2.0,0.3130619356753155,True,True,negative_r2;satca_regression,0.5126959834710744,0.720342,True,regression
heldout17,road_segments,Lagos,0.8004199979772493,73.79856367332951,42.85680621165854,0.7387611219732619,84.60172595059639,49.6342711563543,8,-0.06165887600398734,10.803162277266878,6.777464944695765,1.0,0.0616588760039873,False,True,satca_regression,0.4356408099173554,0.536909,False,regression
heldout17,road_segments,Singapore,0.8875688048697725,130.84528561976748,86.78896906359589,0.8416423140067073,146.04418752194198,95.3449838267855,8,-0.04592649086306522,15.198901902174498,8.556014763189609,1.0,0.0459264908630652,False,True,satca_regression,0.49823086776859504,0.696126,True,regression
heldout17,road_segments,RioDeJaneiro,0.5584568718653043,162.19554628761136,113.4808986297722,0.5149898640113068,169.02716014313555,121.07792375467804,8,-0.0434670078539976,6.831613855524182,7.597025124905841,1.0,0.0434670078539976,False,True,satca_regression,0.0,0.0,False,regression
heldout17,road_segments,CapeTown,-0.108605421490148,431.77774145449416,262.33612539256194,-0.1346661605693189,439.52582286617735,297.6204485857354,8,-0.026060739079170905,7.748081411683188,35.28432319317346,2.0,0.1346661605693189,True,True,negative_r2;satca_regression,0.0,0.0,False,regression
heldout17,road_segments,Tokyo,0.4872251030772764,381.8555416747228,215.5167430565503,0.4802427391885714,372.9267334874836,204.50484148675207,8,-0.00698236388870499,-8.928808187239213,-11.011901569798226,1.0,0.0069823638887049,False,True,satca_regression,0.4716422396694215,0.663919,False,regression
heldout17,road_segments,Toronto,0.8594398957604601,107.75564199400364,67.71779636368007,0.8552521457409736,108.26736226684072,69.10928399455346,8,-0.004187750019486458,0.5117202728370813,1.3914876308733994,1.0,0.0041877500194864,False,True,satca_regression,0.44847609917355374,0.657747,False,regression
heldout17,road_segments,Accra,0.5723079836652022,160.39671752035923,88.69595698702591,0.5735516228069748,160.17662486175905,90.07130390894159,8,0.0012436391417726123,-0.2200926586001799,1.3753469219156784,0.0,0.0,False,False,,0.41729375206611574,0.534023,False,improved
heldout17,road_segments,Paris,0.4103358269648408,354.6260545233148,247.2836727637309,0.4374334366044706,346.14149263200835,230.6375600797324,8,0.027097609639629816,-8.484561891306441,-16.646112683998496,0.0,0.0,False,False,,0.4581593305785124,0.597562,False,improved
heldout17,road_segments,Seoul,0.0657567436753916,187.2846531502974,124.70824857158716,0.1101385417385218,183.4275143224557,131.28297168221184,8,0.04438179806313021,-3.857138827841709,6.574723110624674,0.0,0.0,False,False,,0.46626657851239667,0.668182,False,improved
heldout17,road_segments,Nairobi,0.744217096367638,129.42335699537665,105.2920432253116,0.7966780580859318,114.95289150892332,93.72806495855484,8,0.05246096171829384,-14.470465486453335,-11.563978266756763,0.0,0.0,False,False,,0.4136910909090909,0.524845,False,improved
heldout17,road_segments,Delhi,0.3883028823899164,112.20922569141813,95.50529976531844,0.5175445734840975,96.18915567313915,76.99057096621891,8,0.12924169109418115,-16.02007001827897,-18.51472879909953,0.0,0.0,False,False,,0.49804103305785125,0.705858,True,improved
heldout17,road_segments,NewYork,0.1583050618461522,248.119326619501,170.916256509601,0.314307978572588,221.21997068406577,136.22548226484955,8,0.15600291672643582,-26.89935593543524,-34.69077424475145,0.0,0.0,False,False,,0.49302185123966946,0.644737,True,improved
heldout17,road_segments,Johannesburg,-0.6316974826730152,94.56993591530984,73.30499632040872,-0.3506641863343057,83.83173701738299,69.25422713305534,8,0.2810332963387095,-10.73819889792685,-4.0507691873533815,1.0,0.3506641863343057,True,False,negative_r2,0.42302278512396696,0.534733,False,improved
heldout17,road_segments,Dubai,0.452934532367479,466.577838953766,282.4813721574774,0.7824618134646574,290.618516165178,194.39381425699213,8,0.3295272810971784,-175.959322788588,-88.08755790048525,0.0,0.0,False,False,,0.4761047603305785,0.645109,False,improved
heldout17,road_segments,Chicago,0.0765279209977047,268.4402737559319,199.20759131827168,0.4082850308556239,229.4471500738645,150.95846793154482,8,0.3317571098579192,-38.99312368206742,-48.249123386726865,0.0,0.0,False,False,,0.4920359173553719,0.635035,True,improved
heldout17,road_segments,Cairo,-0.763917859421752,307.7275543161836,231.72773714125415,-0.3418009637829701,268.7813387182743,204.4614279592477,8,0.42211689563878196,-38.946215597909315,-27.266309182006466,1.0,0.3418009637829701,True,False,negative_r2,0.41538404132231405,0.527141,False,improved
audited9,intersection_nodes,NewYork,0.4537031003112893,10.386792208304795,5.909692869280621,0.2873651268971814,11.31287288981284,6.885313773096185,8,-0.1663379734141079,0.9260806815080453,0.9756209038155639,3.0,0.3021445868925414,True,True,negative_r2_in_city_ridge;satca_regression,0.49302185123966946,0.644737,True,regression
audited9,intersection_nodes,Tokyo,0.1970924554356038,26.2603534067808,14.033890572043816,0.1077417530252125,26.98208134732209,14.50773224911064,8,-0.08935070241039131,0.7217279405412889,0.4738416770668241,7.0,7.603021103645238,True,True,negative_r2_in_city_ridge;negative_r2_in_city_tabular_knn;satca_regression,0.4716422396694215,0.663919,False,regression
audited9,intersection_nodes,London,-0.2568032674374432,5.753519689230523,4.1480719082591735,-0.3064806769405557,5.61175903090234,4.105919723338719,8,-0.0496774095031125,-0.14176065832818274,-0.042152184920454694,6.0,16.43537001961565,True,True,negative_r2;negative_r2_in_city_ridge;negative_r2_in_city_tabular_knn;negative_r2_loco_ridge;negative_r2_loco_tabular_knn;satca_regression,0.47585091735537194,0.646896,False,regression
audited9,intersection_nodes,Seoul,0.6903945497828667,4.313169189061951,2.744672793313964,0.6524645728642949,4.57570543951102,2.830835159550867,8,-0.037929976918571806,0.2625362504490685,0.08616236623690332,6.0,3.011764514540957,True,True,negative_r2_in_city_ridge;negative_r2_in_city_tabular_knn;negative_r2_loco_ridge;negative_r2_loco_tabular_knn;satca_regression,0.46626657851239667,0.668182,False,regression
audited9,intersection_nodes,HongKong,0.786780083601323,6.228936959682061,2.1387101041774086,0.7687506790303105,8.430201274700032,2.868259997729946,8,-0.01802940457101254,2.201264315017971,0.7295498935525373,3.0,39.13602393230917,True,True,negative_r2_in_city_ridge;negative_r2_in_city_tabular_knn;satca_regression,0.47142390082644625,0.692613,False,regression
audited9,intersection_nodes,Shanghai,0.8455316703966133,1.9127345002098943,1.514530319850018,0.8328703454042095,2.048971497759568,1.560967176720332,8,-0.0126613249924038,0.13623699754967378,0.04643685687031396,4.0,2.313744257441992,True,True,negative_r2_in_city_tabular_knn;negative_r2_loco_ridge;negative_r2_loco_tabular_knn;satca_regression,0.489668132231405,0.705789,True,regression
audited9,intersection_nodes,Paris,0.1013262538033421,26.421183965259463,16.053175808950535,0.2058011870210222,24.608061401749502,16.048829391563174,8,0.1044749332176801,-1.8131225635099604,-0.004346417387360191,3.0,0.5837111528442478,True,False,negative_r2_in_city_ridge;negative_r2_in_city_tabular_knn;negative_r2_loco_tabular_knn,0.4581593305785124,0.597562,False,improved
audited9,intersection_nodes,Beijing,0.6270811214200148,1.886090009504037,1.6251746256105448,0.7492934215264342,1.5451056567224803,1.3011378475529911,8,0.12221230010641937,-0.3409843527815566,-0.3240367780575537,5.0,3.2302714665023844,True,False,negative_r2_in_city_ridge;negative_r2_in_city_tabular_knn;negative_r2_loco_ridge;negative_r2_loco_tabular_knn,0.48840589256198347,0.706836,False,improved
audited9,intersection_nodes,Singapore,0.3513917631390345,21.53136455369078,12.564250922101657,0.6912944956888061,14.871217984172922,11.764768505079443,8,0.3399027325497716,-6.660146569517856,-0.7994824170222135,0.0,0.0,False,False,,0.49823086776859504,0.696126,True,improved
audited9,road_segments,Beijing,-0.1790057397690402,85.77665446660528,64.74483023696493,-0.2436247907702524,89.49935494405148,70.02308453183618,8,-0.06461905100121221,3.722700477446196,5.278254294871246,10.0,3.277777820500238,True,True,negative_r2;negative_r2_in_city_ridge;negative_r2_in_city_tabular_knn;negative_r2_loco_ridge;negative_r2_loco_tabular_knn;satca_regression,0.48840589256198347,0.706836,False,regression
audited9,road_segments,Paris,0.4598158358100332,330.01991433087386,227.34705818647723,0.4043187721275609,349.5331914179856,228.6431092784447,8,-0.055497063682472314,19.51327708711176,1.2960510919674846,5.0,0.7148772503225485,True,True,negative_r2_in_city_ridge;negative_r2_in_city_tabular_knn;negative_r2_loco_tabular_knn;satca_regression,0.4581593305785124,0.597562,False,regression
audited9,road_segments,Singapore,0.7708202898435152,186.39286405231636,123.89079843742604,0.7311021865039808,194.85230848216736,132.55810735807174,8,-0.039718103339534405,8.459444429851004,8.667308920645695,1.0,0.0397181033395344,False,True,satca_regression,0.49823086776859504,0.696126,True,regression
audited9,road_segments,HongKong,0.5819298897035905,347.9337017557391,165.37516662229575,0.5718941113093801,282.4590097398286,166.2283426001538,8,-0.010035778394210437,-65.47469201591048,0.8531759778580579,5.0,141.94595918367344,True,True,negative_r2_in_city_ridge;negative_r2_in_city_tabular_knn;satca_regression,0.47142390082644625,0.692613,False,regression
audited9,road_segments,Tokyo,0.4165243922692153,399.2857205973757,229.58905619103524,0.4950145290930918,358.87915191551235,203.45034187434464,8,0.07849013682387651,-40.40656868186335,-26.138714316690596,3.0,3.104316853350229,True,False,negative_r2_in_city_ridge;negative_r2_in_city_tabular_knn,0.4716422396694215,0.663919,False,improved
audited9,road_segments,Shanghai,0.606444413494386,99.54114830967085,87.88870381528889,0.7074509854048181,83.83774601994608,65.30190589894923,8,0.10100657191043205,-15.703402289724764,-22.586797916339663,2.0,1.6565436530243591,True,False,negative_r2_loco_ridge;negative_r2_loco_tabular_knn,0.489668132231405,0.705789,True,improved
audited9,road_segments,NewYork,0.0729544646807265,262.1926324284972,182.15929857866945,0.2755281664496755,230.68302611910173,153.01385181643366,8,0.20257370176894898,-31.50960630939545,-29.145446762235792,1.0,0.201015764864489,True,False,negative_r2_in_city_tabular_knn,0.49302185123966946,0.644737,True,improved
audited9,road_segments,Seoul,-0.2531643757265293,219.65084796838892,159.68538054348326,0.0194964914310107,193.70297526761647,148.2158238242496,8,0.27266086715753995,-25.94787270077245,-11.469556719233651,5.0,1.299537972982117,True,False,negative_r2_in_city_ridge;negative_r2_in_city_tabular_knn;negative_r2_loco_ridge;negative_r2_loco_tabular_knn,0.46626657851239667,0.668182,False,improved
audited9,road_segments,London,-0.0862620113967825,130.89610166340742,103.06546075174587,0.2003900886301744,113.1596223376204,85.98709438900696,8,0.2866521000269569,-17.736479325787016,-17.07836636273892,6.0,4.85735518466634,True,False,negative_r2_in_city_ridge;negative_r2_in_city_tabular_knn;negative_r2_loco_ridge;negative_r2_loco_tabular_knn,0.47585091735537194,0.646896,False,improved
