source_layer,slice_id,target,holdout_city,shot,source_r2,satca_r2,delta_r2,source_rmse,satca_rmse,delta_rmse,source_mae,satca_mae,delta_mae,failure_type,severity_score,protocol_r2,protocol_rmse,protocol_mae,split_family,method
satca_122_citywise,audited9,intersection_nodes,HongKong,10,0.786780083601323,0.7687506790303105,-0.01802940457101254,6.228936959682061,8.430201274700032,2.201264315017971,2.1387101041774086,2.868259997729946,0.7295498935525373,satca_regression,0.01802940457101254,,,,,
satca_122_citywise,audited9,intersection_nodes,London,10,-0.2568032674374432,-0.3064806769405557,-0.0496774095031125,5.753519689230523,5.61175903090234,-0.14176065832818274,4.1480719082591735,4.105919723338719,-0.042152184920454694,negative_r2,0.3064806769405557,,,,,
satca_122_citywise,audited9,intersection_nodes,London,10,-0.2568032674374432,-0.3064806769405557,-0.0496774095031125,5.753519689230523,5.61175903090234,-0.14176065832818274,4.1480719082591735,4.105919723338719,-0.042152184920454694,satca_regression,0.0496774095031125,,,,,
satca_122_citywise,audited9,intersection_nodes,NewYork,10,0.4537031003112893,0.2873651268971814,-0.1663379734141079,10.386792208304795,11.31287288981284,0.9260806815080453,5.909692869280621,6.885313773096185,0.9756209038155639,satca_regression,0.1663379734141079,,,,,
satca_122_citywise,audited9,intersection_nodes,Seoul,10,0.6903945497828667,0.6524645728642949,-0.037929976918571806,4.313169189061951,4.57570543951102,0.2625362504490685,2.744672793313964,2.830835159550867,0.08616236623690332,satca_regression,0.037929976918571806,,,,,
satca_122_citywise,audited9,intersection_nodes,Shanghai,10,0.8455316703966133,0.8328703454042095,-0.0126613249924038,1.9127345002098943,2.048971497759568,0.13623699754967378,1.514530319850018,1.560967176720332,0.04643685687031396,satca_regression,0.0126613249924038,,,,,
satca_122_citywise,audited9,intersection_nodes,Tokyo,10,0.1970924554356038,0.1077417530252125,-0.08935070241039131,26.2603534067808,26.98208134732209,0.7217279405412889,14.033890572043816,14.50773224911064,0.4738416770668241,satca_regression,0.08935070241039131,,,,,
satca_122_citywise,audited9,road_segments,Beijing,10,-0.1790057397690402,-0.2436247907702524,-0.06461905100121221,85.77665446660528,89.49935494405148,3.722700477446196,64.74483023696493,70.02308453183618,5.278254294871246,negative_r2,0.2436247907702524,,,,,
satca_122_citywise,audited9,road_segments,Beijing,10,-0.1790057397690402,-0.2436247907702524,-0.06461905100121221,85.77665446660528,89.49935494405148,3.722700477446196,64.74483023696493,70.02308453183618,5.278254294871246,satca_regression,0.06461905100121221,,,,,
satca_122_citywise,audited9,road_segments,HongKong,10,0.5819298897035905,0.5718941113093801,-0.010035778394210437,347.9337017557391,282.4590097398286,-65.47469201591048,165.37516662229575,166.2283426001538,0.8531759778580579,satca_regression,0.010035778394210437,,,,,
satca_122_citywise,audited9,road_segments,Paris,10,0.4598158358100332,0.4043187721275609,-0.055497063682472314,330.01991433087386,349.5331914179856,19.51327708711176,227.34705818647723,228.6431092784447,1.2960510919674846,satca_regression,0.055497063682472314,,,,,
satca_122_citywise,audited9,road_segments,Singapore,10,0.7708202898435152,0.7311021865039808,-0.039718103339534405,186.39286405231636,194.85230848216736,8.459444429851004,123.89079843742604,132.55810735807174,8.667308920645695,satca_regression,0.039718103339534405,,,,,
satca_122_citywise,heldout17,intersection_nodes,Accra,10,0.7534101507311167,0.6137464108438797,-0.13966373988723702,3.19593739534362,4.171665734855038,0.9757283395114182,2.244616360628594,2.55107996715292,0.30646360652432625,satca_regression,0.13966373988723702,,,,,
satca_122_citywise,heldout17,intersection_nodes,Cairo,10,-0.7986312446988577,-0.0775532170638906,0.7210780276349671,4.728373753128855,3.6880828628644906,-1.0402908902643642,4.0429860259962345,2.927165723733088,-1.1158203022631463,negative_r2,0.0775532170638906,,,,,
satca_122_citywise,heldout17,intersection_nodes,Chicago,10,0.6201820067562,0.5342089665459033,-0.08597304021029673,8.538401599605542,8.533492015732648,-0.00490958387289453,4.858496603886538,5.067405972736985,0.2089093688504473,satca_regression,0.08597304021029673,,,,,
satca_122_citywise,heldout17,intersection_nodes,Delhi,10,0.3937925812951106,0.3355430537145589,-0.058249527580551685,5.72219655441774,5.849084507434039,0.12688795301629874,3.84567447657248,4.122628083914174,0.27695360734169405,satca_regression,0.058249527580551685,,,,,
satca_122_citywise,heldout17,intersection_nodes,Lagos,10,0.5934629896586476,0.4889885578693052,-0.10447443178934246,1.7407036323479763,1.943642573445032,0.20293894109705568,1.1560316142330644,1.2458343357858748,0.08980272155281033,satca_regression,0.10447443178934246,,,,,
satca_122_citywise,heldout17,intersection_nodes,Mumbai,10,0.5066188825909987,0.3741878637194725,-0.13243101887152625,0.8523599117515408,1.1352305556904403,0.2828706439388995,0.4098701714338814,0.4801053799723656,0.0702352085384842,satca_regression,0.13243101887152625,,,,,
satca_122_citywise,heldout17,intersection_nodes,Nairobi,10,0.6604832474836146,0.6274333656696048,-0.03304988181400981,4.812675355057378,5.04027016100623,0.2275948059488524,2.579051908516836,2.698875475774414,0.11982356725757759,satca_regression,0.03304988181400981,,,,,
satca_122_citywise,heldout17,intersection_nodes,NewYork,10,0.403244409610482,0.3120846732288687,-0.09115973638161334,11.012390951441034,11.532011952521144,0.5196210010801092,5.345528166384973,6.194666490874897,0.8491383244899238,satca_regression,0.09115973638161334,,,,,
satca_122_citywise,heldout17,intersection_nodes,RioDeJaneiro,10,0.7704769615719538,0.6235075133351653,-0.14696944823678848,3.4917073427841503,4.235777364667924,0.7440700218837737,2.286435751188874,2.576730035180721,0.29029428399184676,satca_regression,0.14696944823678848,,,,,
satca_122_citywise,heldout17,intersection_nodes,Seoul,10,0.5702416923242108,0.5481491648805601,-0.022092527443650756,5.114254663208234,5.24282986279712,0.1285751995888864,3.134189128582294,3.206073407275233,0.07188427869293923,satca_regression,0.022092527443650756,,,,,
satca_122_citywise,heldout17,intersection_nodes,Tokyo,10,0.1408581254068787,0.0209113879430711,-0.1199467374638076,27.457171286075457,27.881241535072817,0.42407024899736,14.19664762419489,15.253896556806756,1.0572489326118664,satca_regression,0.1199467374638076,,,,,
satca_122_citywise,heldout17,road_segments,Cairo,10,-0.763917859421752,-0.3418009637829701,0.42211689563878196,307.7275543161836,268.7813387182743,-38.946215597909315,231.72773714125415,204.4614279592477,-27.266309182006466,negative_r2,0.3418009637829701,,,,,
satca_122_citywise,heldout17,road_segments,CapeTown,10,-0.108605421490148,-0.1346661605693189,-0.026060739079170905,431.77774145449416,439.52582286617735,7.748081411683188,262.33612539256194,297.6204485857354,35.28432319317346,negative_r2,0.1346661605693189,,,,,
satca_122_citywise,heldout17,road_segments,CapeTown,10,-0.108605421490148,-0.1346661605693189,-0.026060739079170905,431.77774145449416,439.52582286617735,7.748081411683188,262.33612539256194,297.6204485857354,35.28432319317346,satca_regression,0.026060739079170905,,,,,
satca_122_citywise,heldout17,road_segments,Johannesburg,10,-0.6316974826730152,-0.3506641863343057,0.2810332963387095,94.56993591530984,83.83173701738299,-10.73819889792685,73.30499632040872,69.25422713305534,-4.0507691873533815,negative_r2,0.3506641863343057,,,,,
satca_122_citywise,heldout17,road_segments,Lagos,10,0.8004199979772493,0.7387611219732619,-0.06165887600398734,73.79856367332951,84.60172595059639,10.803162277266878,42.85680621165854,49.6342711563543,6.777464944695765,satca_regression,0.06165887600398734,,,,,
satca_122_citywise,heldout17,road_segments,Mumbai,10,0.2253944835075864,-0.0876674521677291,-0.3130619356753155,47.28299761575315,53.35422623078693,6.071228615033775,22.263277250677397,28.983465747343665,6.7201884966662675,negative_r2,0.0876674521677291,,,,,
satca_122_citywise,heldout17,road_segments,Mumbai,10,0.2253944835075864,-0.0876674521677291,-0.3130619356753155,47.28299761575315,53.35422623078693,6.071228615033775,22.263277250677397,28.983465747343665,6.7201884966662675,satca_regression,0.3130619356753155,,,,,
satca_122_citywise,heldout17,road_segments,RioDeJaneiro,10,0.5584568718653043,0.5149898640113068,-0.0434670078539976,162.19554628761136,169.02716014313555,6.831613855524182,113.4808986297722,121.07792375467804,7.597025124905841,satca_regression,0.0434670078539976,,,,,
satca_122_citywise,heldout17,road_segments,Singapore,10,0.8875688048697725,0.8416423140067073,-0.04592649086306522,130.84528561976748,146.04418752194198,15.198901902174498,86.78896906359589,95.3449838267855,8.556014763189609,satca_regression,0.04592649086306522,,,,,
satca_122_citywise,heldout17,road_segments,Tokyo,10,0.4872251030772764,0.4802427391885714,-0.00698236388870499,381.8555416747228,372.9267334874836,-8.928808187239213,215.5167430565503,204.50484148675207,-11.011901569798226,satca_regression,0.00698236388870499,,,,,
satca_122_citywise,heldout17,road_segments,Toronto,10,0.8594398957604601,0.8552521457409736,-0.004187750019486458,107.75564199400364,108.26736226684072,0.5117202728370813,67.71779636368007,69.10928399455346,1.3914876308733994,satca_regression,0.004187750019486458,,,,,
satca_122_citywise,structural43,intersection_nodes,Accra,10,0.7421918361817894,0.599705588446315,-0.14248624773547436,3.331822180058266,4.330277923101649,0.9984557430433831,2.34236009625178,2.649679767847641,0.3073196715958608,satca_regression,0.14248624773547436,,,,,
satca_122_citywise,structural43,intersection_nodes,AddisAbaba,10,0.4660480347796512,0.2356859342223276,-0.2303621005573236,2.2067086694293714,2.6145925680982227,0.40788389866885133,1.3920299358684336,1.6206589895665675,0.2286290536981339,satca_regression,0.2303621005573236,,,,,
satca_122_citywise,structural43,intersection_nodes,Bangkok,10,0.2555972269472876,0.2330742262339403,-0.022523000713347285,6.161879361795124,6.252867230979586,0.09098786918446145,4.770978631871349,4.7215504599497375,-0.04942817192161186,satca_regression,0.022523000713347285,,,,,
satca_122_citywise,structural43,intersection_nodes,Berlin,10,0.6129418136690455,0.5249491282568006,-0.08799268541224492,5.9897201679833785,6.770086353654313,0.7803661856709345,4.743154466917844,5.147905585015916,0.40475111809807274,satca_regression,0.08799268541224492,,,,,
satca_122_citywise,structural43,intersection_nodes,Chicago,10,0.6869945308251615,0.6424691197604171,-0.04452541106474439,7.299904903638064,7.766566524600552,0.46666162096248875,4.370630157467848,4.566874175987125,0.19624401851927686,satca_regression,0.04452541106474439,,,,,
satca_122_citywise,structural43,intersection_nodes,Delhi,10,0.4486521621911046,0.3970553509800907,-0.05159681121101389,5.414322502792433,5.5679001202422285,0.1535776174497956,3.842928214635396,4.027085254671441,0.18415704003604505,satca_regression,0.05159681121101389,,,,,
satca_122_citywise,structural43,intersection_nodes,HongKong,10,0.4509738651917609,-0.0575810268812422,-0.5085548920730031,8.113916080926181,9.501965151865493,1.3880490709393118,2.798281160309928,3.282895155387603,0.48461399507767533,negative_r2,0.0575810268812422,,,,,
satca_122_citywise,structural43,intersection_nodes,HongKong,10,0.4509738651917609,-0.0575810268812422,-0.5085548920730031,8.113916080926181,9.501965151865493,1.3880490709393118,2.798281160309928,3.282895155387603,0.48461399507767533,satca_regression,0.5085548920730031,,,,,
satca_122_citywise,structural43,intersection_nodes,Istanbul,10,0.7226280852664824,0.6282009306444317,-0.09442715462205065,3.855386557715673,4.257383756332545,0.401997198616872,2.6517053107297643,2.7963896769646976,0.1446843662349333,satca_regression,0.09442715462205065,,,,,
satca_122_citywise,structural43,intersection_nodes,Jakarta,10,-0.1438581403654013,-0.1009691973122927,0.042888943053108586,14.31783125468186,13.998754890231254,-0.3190763644506056,9.752385818958029,10.328800909961808,0.5764150910037795,negative_r2,0.1009691973122927,,,,,
satca_122_citywise,structural43,intersection_nodes,Lagos,10,0.3999032534512583,0.358215791207269,-0.04168746224398934,2.0305827946900727,2.1402419992674764,0.10965920457740364,1.3274289456567825,1.357392656040233,0.02996371038345047,satca_regression,0.04168746224398934,,,,,
satca_122_citywise,structural43,intersection_nodes,Lima,10,0.6728301754128625,0.6468187827483403,-0.026011392664522237,5.899518515086865,6.125745589313272,0.22622707422640698,3.805996971395682,3.865276038882815,0.05927906748713285,satca_regression,0.026011392664522237,,,,,
satca_122_citywise,structural43,intersection_nodes,London,10,0.2393145209977758,0.0571880351196436,-0.1821264858781322,4.314400056141876,4.597583327094815,0.2831832709529394,3.4045625018636256,3.5662396860784837,0.1616771842148581,satca_regression,0.1821264858781322,,,,,
satca_122_citywise,structural43,intersection_nodes,Mumbai,10,0.5639944211740517,0.4409724918127159,-0.12302192936133582,0.6252269797494534,0.9496141862238824,0.324387206474429,0.3141993766774246,0.400476770647666,0.08627739397024142,satca_regression,0.12302192936133582,,,,,
satca_122_citywise,structural43,intersection_nodes,Nairobi,10,0.6154532747544348,0.573470730005238,-0.041982544749196826,4.960104780139777,5.268917847815477,0.3088130676756995,3.078678557476146,3.128209991588917,0.049531434112771056,satca_regression,0.041982544749196826,,,,,
satca_122_citywise,structural43,intersection_nodes,NewYork,10,0.3931284999849728,0.2872570935871466,-0.10587140639782622,10.905732371475722,11.4146257452807,0.5088933738049786,5.735933304486954,6.281340882899389,0.5454075784124353,satca_regression,0.10587140639782622,,,,,
satca_122_citywise,structural43,intersection_nodes,Paris,10,0.1172085469684312,0.0656134137305754,-0.05159513323785579,26.204345331011723,26.246067225944174,0.04172189493245071,15.79496862965447,18.102009713647423,2.307041083992953,satca_regression,0.05159513323785579,,,,,
satca_122_citywise,structural43,intersection_nodes,RioDeJaneiro,10,0.8075319349676908,0.6910230551781398,-0.11650887978955105,3.174491398124333,3.83750736590482,0.663015967780487,2.085219685719884,2.350757330091729,0.2655376443718449,satca_regression,0.11650887978955105,,,,,
satca_122_citywise,structural43,intersection_nodes,Riyadh,10,-11.300133354606846,-1.3097191664333143,9.990414188173531,4.082187898462638,1.749133512386882,-2.333054386075756,3.5454577069424107,1.217208288942682,-2.3282494179997286,negative_r2,1.3097191664333143,,,,,
satca_122_citywise,structural43,intersection_nodes,Seoul,10,0.6687786189576841,0.6409764751591962,-0.02780214379848789,4.478529800095803,4.665840218771638,0.18731041867583542,2.819176011596075,2.950001816048869,0.1308258044527939,satca_regression,0.02780214379848789,,,,,
satca_122_citywise,structural43,intersection_nodes,Shanghai,10,0.687252256214697,0.6230957530765233,-0.06415650313817367,2.640755448859124,2.8442608635144966,0.20350541465537253,2.033102285537048,2.095791542357804,0.06268925682075599,satca_regression,0.06415650313817367,,,,,
satca_122_citywise,structural43,intersection_nodes,Tokyo,10,0.1825240285064036,0.073323624272719,-0.10920040423368459,26.90004152756516,27.39982094483918,0.49977941727402,13.880013642067311,14.711415033129772,0.8314013910624602,satca_regression,0.10920040423368459,,,,,
satca_122_citywise,structural43,road_segments,Beijing,10,-0.4733698200039503,-0.3058837972770342,0.1674860227269161,96.429312565382,91.88917311574713,-4.540139449634879,74.10346131911922,73.74244192587308,-0.3610193932461385,negative_r2,0.3058837972770342,,,,,
satca_122_citywise,structural43,road_segments,Bengaluru,10,-0.4064945131827976,-0.2606300650798577,0.14586444810293991,168.377705499603,155.35683861442112,-13.020866885181874,133.8796995616309,123.57873006119864,-10.30096950043226,negative_r2,0.2606300650798577,,,,,
satca_122_citywise,structural43,road_segments,Bogota,10,0.499914255283353,0.4986856987169875,-0.0012285565663655018,193.87608180550305,192.71666879823348,-1.1594130072695634,133.81957309279198,143.12344261011475,9.303869517322767,satca_regression,0.0012285565663655018,,,,,
satca_122_citywise,structural43,road_segments,Cairo,10,-0.8471433272776114,-0.3067231938044278,0.5404201334731836,315.05046717546776,266.01950679379564,-49.03096038167212,243.36704087697095,204.1728776213497,-39.19416325562125,negative_r2,0.3067231938044278,,,,,
satca_122_citywise,structural43,road_segments,CapeTown,10,-0.1083558815278439,-0.1438387475458962,-0.03548286601805231,433.0708548071104,441.1479962181889,8.077141411078514,255.4985304261348,295.82529806019124,40.32676763405644,negative_r2,0.1438387475458962,,,,,
satca_122_citywise,structural43,road_segments,CapeTown,10,-0.1083558815278439,-0.1438387475458962,-0.03548286601805231,433.0708548071104,441.1479962181889,8.077141411078514,255.4985304261348,295.82529806019124,40.32676763405644,satca_regression,0.03548286601805231,,,,,
satca_122_citywise,structural43,road_segments,Chicago,10,0.6809276684853419,0.6785932805593624,-0.0023343879259795086,178.09533386043643,186.28342578516543,8.188091924729008,125.07153280780878,112.08755481153857,-12.983977996270212,satca_regression,0.0023343879259795086,,,,,
satca_122_citywise,structural43,road_segments,Delhi,10,0.4668654100745444,0.410984022988578,-0.055881387085966405,101.93714493400265,105.16427512811816,3.2271301941155173,65.02594324385876,72.09821241731264,7.072269173453876,satca_regression,0.055881387085966405,,,,,
satca_122_citywise,structural43,road_segments,Istanbul,10,0.7172878823336483,0.7132763089721872,-0.004011573361461074,116.00004136505822,117.5784136194556,1.5783722543973795,73.31089370167463,79.01068435716175,5.699790655487121,satca_regression,0.004011573361461074,,,,,
satca_122_citywise,structural43,road_segments,Johannesburg,10,-0.3835197410594656,-0.0597933465530183,0.3237263945064473,88.72854863958995,76.06851357848944,-12.660035061100501,72.66604222589754,65.8416603127911,-6.824381913106436,negative_r2,0.0597933465530183,,,,,
satca_122_citywise,structural43,road_segments,KualaLumpur,10,0.782448420536558,0.7452654162808928,-0.03718300425566523,191.1000182165603,205.1739830856993,14.07396486913899,124.7293501282128,138.37363121383055,13.644281085617749,satca_regression,0.03718300425566523,,,,,
satca_122_citywise,structural43,road_segments,Lagos,10,0.7800730024964406,0.7212458934474084,-0.05882710904903221,77.63902484314708,87.0141748749491,9.375150031802022,47.73848226243258,53.77544824024241,6.036965977809828,satca_regression,0.05882710904903221,,,,,
satca_122_citywise,structural43,road_segments,Lima,10,0.7221762289027037,0.6474932481037841,-0.07468298079891966,165.23053802412616,180.473154362448,15.242616338321852,117.21005823900435,131.04646391923097,13.836405680226619,satca_regression,0.07468298079891966,,,,,
satca_122_citywise,structural43,road_segments,LosAngeles,10,0.6171541750228844,0.5733988688264162,-0.04375530619646817,118.92578026358916,123.77983492986408,4.854054666274919,95.93011242747824,100.74504118348436,4.814928756006125,satca_regression,0.04375530619646817,,,,,
satca_122_citywise,structural43,road_segments,Mumbai,10,0.7681576620044508,0.7224243124187064,-0.045733349585744376,24.519316755455115,27.77624079820555,3.256924042750434,11.37773437239305,13.213388889106875,1.8356545167138254,satca_regression,0.045733349585744376,,,,,
satca_122_citywise,structural43,road_segments,Paris,10,0.4879111576927915,0.4646954231262801,-0.02321573456651138,342.9817908836721,341.1800305416338,-1.8017603420382784,219.4678472988468,211.1804224505452,-8.287424848301612,satca_regression,0.02321573456651138,,,,,
satca_122_citywise,structural43,road_segments,Santiago,10,0.8022111787288133,0.790271333081144,-0.011939845647669367,107.07545704314424,110.61311619843543,3.5376591552911947,86.69098551030928,90.67835668757256,3.9873711772632845,satca_regression,0.011939845647669367,,,,,
satca_122_citywise,structural43,road_segments,Seoul,10,-0.1391494547159307,-0.0562945885768223,0.08285486613910842,208.762296530708,200.97188751136963,-7.7904090193383695,154.40314499932447,150.9343349112615,-3.4688100880629804,negative_r2,0.0562945885768223,,,,,
satca_122_citywise,structural43,road_segments,Singapore,10,0.8555535419343918,0.8241715383505526,-0.031382003583839246,150.6309751339025,165.40769049303813,14.776715359135636,96.53061276785536,105.6939906149436,9.163377847088242,satca_regression,0.031382003583839246,,,,,
satca_122_citywise,structural43,road_segments,Vancouver,10,0.9361906432739334,0.9177382144105076,-0.018452428863425796,62.89451014428096,71.10252360290278,8.20801345862182,38.78736987979103,47.54230241493534,8.754932535144313,satca_regression,0.018452428863425796,,,,,
protocol_122_raw,audited9,road_segments,Beijing,,,,,,,,,,,negative_r2_loco_ridge,3.008501716273458,-3.008501716273458,182.837472699491,148.93206204218214,loco,ridge
protocol_122_raw,audited9,road_segments,Beijing,,,,,,,,,,,negative_r2_loco_tabular_knn,2.207989054709664,-2.207989054709664,163.56508796194865,130.29000000000002,loco,tabular_knn
protocol_122_raw,audited9,road_segments,London,,,,,,,,,,,negative_r2_loco_ridge,0.4741091848575496,-0.4741091848575496,168.6294035417043,131.90926948131343,loco,ridge
protocol_122_raw,audited9,road_segments,London,,,,,,,,,,,negative_r2_loco_tabular_knn,0.3018979057252358,-0.3018979057252358,158.47360663530063,123.22,loco,tabular_knn
protocol_122_raw,audited9,road_segments,Paris,,,,,,,,,,,negative_r2_loco_tabular_knn,0.2554943307006518,-0.2554943307006518,564.5206993547712,437.22,loco,tabular_knn
protocol_122_raw,audited9,road_segments,Seoul,,,,,,,,,,,negative_r2_loco_ridge,0.9574083907268868,-0.9574083907268868,282.65462087968655,230.91679665976548,loco,ridge
protocol_122_raw,audited9,road_segments,Seoul,,,,,,,,,,,negative_r2_loco_tabular_knn,1.0112159126705804,-1.0112159126705804,286.5132527475823,207.38,loco,tabular_knn
protocol_122_raw,audited9,road_segments,Shanghai,,,,,,,,,,,negative_r2_loco_ridge,1.6565436530243591,-1.6565436530243591,265.6572326357437,218.78430653364708,loco,ridge
protocol_122_raw,audited9,road_segments,Shanghai,,,,,,,,,,,negative_r2_loco_tabular_knn,1.5832951203436272,-1.5832951203436272,261.9691661245651,191.22,loco,tabular_knn
protocol_122_raw,audited9,intersection_nodes,Beijing,,,,,,,,,,,negative_r2_loco_ridge,3.2302714665023844,-3.2302714665023844,8.083756458404444,6.875954386866416,loco,ridge
protocol_122_raw,audited9,intersection_nodes,Beijing,,,,,,,,,,,negative_r2_loco_tabular_knn,0.5180449910988831,-0.5180449910988831,4.8425200051213,3.21,loco,tabular_knn
protocol_122_raw,audited9,intersection_nodes,London,,,,,,,,,,,negative_r2_loco_ridge,1.477190906335795,-1.477190906335795,9.020849254539778,7.185634339151005,loco,ridge
protocol_122_raw,audited9,intersection_nodes,London,,,,,,,,,,,negative_r2_loco_tabular_knn,1.2381126331811263,-1.2381126331811263,8.574497069799488,5.289999999999999,loco,tabular_knn
protocol_122_raw,audited9,intersection_nodes,Paris,,,,,,,,,,,negative_r2_loco_tabular_knn,0.3723343603166889,-0.3723343603166889,34.95110870916687,24.559999999999995,loco,tabular_knn
protocol_122_raw,audited9,intersection_nodes,Seoul,,,,,,,,,,,negative_r2_loco_ridge,3.011764514540957,-3.011764514540957,15.120531064869684,12.232612060716308,loco,ridge
protocol_122_raw,audited9,intersection_nodes,Seoul,,,,,,,,,,,negative_r2_loco_tabular_knn,1.938690998420776,-1.938690998420776,12.941251871438094,6.9,loco,tabular_knn
protocol_122_raw,audited9,intersection_nodes,Shanghai,,,,,,,,,,,negative_r2_loco_ridge,2.313744257441992,-2.313744257441992,10.295954486863726,8.955248587575202,loco,ridge
protocol_122_raw,audited9,intersection_nodes,Shanghai,,,,,,,,,,,negative_r2_loco_tabular_knn,0.5834323226008129,-0.5834323226008129,7.117162355883137,4.549999999999999,loco,tabular_knn
protocol_122_raw,structural43,road_segments,Amsterdam,,,,,,,,,,,negative_r2_loco_ridge,0.9983503773692002,-0.9983503773692002,242.92464004407643,203.67424144058307,loco,ridge
protocol_122_raw,structural43,road_segments,Amsterdam,,,,,,,,,,,negative_r2_loco_tabular_knn,1.4480751669097898,-1.4480751669097898,268.87357623983803,211.58,loco,tabular_knn
protocol_122_raw,structural43,road_segments,Bangkok,,,,,,,,,,,negative_r2_loco_ridge,0.0055237942851134,-0.0055237942851134,147.43233953117084,128.44382592032474,loco,ridge
protocol_122_raw,structural43,road_segments,Bangkok,,,,,,,,,,,negative_r2_loco_tabular_knn,0.4038395675603161,-0.4038395675603161,174.20287598085173,136.36999999999998,loco,tabular_knn
protocol_122_raw,structural43,road_segments,Beijing,,,,,,,,,,,negative_r2_loco_ridge,2.906825234872132,-2.906825234872132,180.50372333626177,151.81500121764,loco,ridge
protocol_122_raw,structural43,road_segments,Beijing,,,,,,,,,,,negative_r2_loco_tabular_knn,3.0684730552564483,-3.0684730552564483,184.20011400647937,148.53000000000003,loco,tabular_knn
protocol_122_raw,structural43,road_segments,Bengaluru,,,,,,,,,,,negative_r2_loco_tabular_knn,0.12505102551823,-0.12505102551823,173.42413326870053,134.15,loco,tabular_knn
protocol_122_raw,structural43,road_segments,Berlin,,,,,,,,,,,negative_r2_loco_tabular_knn,0.0705097496764659,-0.0705097496764659,227.8715120413256,180.15000000000003,loco,tabular_knn
protocol_122_raw,structural43,road_segments,Cairo,,,,,,,,,,,negative_r2_loco_ridge,0.3429692013523999,-0.3429692013523999,267.2071593467399,207.8925297886691,loco,ridge
protocol_122_raw,structural43,road_segments,Cairo,,,,,,,,,,,negative_r2_loco_tabular_knn,1.4885468502122916,-1.4885468502122916,363.737413527946,311.95,loco,tabular_knn
protocol_122_raw,structural43,road_segments,CapeTown,,,,,,,,,,,negative_r2_loco_tabular_knn,0.1517833534801496,-0.1517833534801496,425.0135950766752,270.14000000000004,loco,tabular_knn
protocol_122_raw,structural43,road_segments,Jakarta,,,,,,,,,,,negative_r2_loco_ridge,0.2285270661135283,-0.2285270661135283,404.1594796597387,281.1337447519968,loco,ridge
protocol_122_raw,structural43,road_segments,Jakarta,,,,,,,,,,,negative_r2_loco_tabular_knn,0.3493292791798796,-0.3493292791798796,423.56432805419297,304.2,loco,tabular_knn
protocol_122_raw,structural43,road_segments,Johannesburg,,,,,,,,,,,negative_r2_loco_ridge,2.3006986372001843,-2.3006986372001843,166.2054151989103,148.57464760439987,loco,ridge
protocol_122_raw,structural43,road_segments,Johannesburg,,,,,,,,,,,negative_r2_loco_tabular_knn,1.9844023509984816,-1.9844023509984816,158.0414186218284,128.79000000000002,loco,tabular_knn
protocol_122_raw,structural43,road_segments,London,,,,,,,,,,,negative_r2_loco_ridge,0.1952878352359774,-0.1952878352359774,151.84647955137916,125.49808795522856,loco,ridge
protocol_122_raw,structural43,road_segments,Mumbai,,,,,,,,,,,negative_r2_loco_tabular_knn,0.937270913027421,-0.937270913027421,75.61509108636979,38.41,loco,tabular_knn
protocol_122_raw,structural43,road_segments,Paris,,,,,,,,,,,negative_r2_loco_tabular_knn,0.1021996784555907,-0.1021996784555907,528.9353987019587,399.4,loco,tabular_knn
protocol_122_raw,structural43,road_segments,Riyadh,,,,,,,,,,,negative_r2_loco_ridge,0.9370472619815702,-0.9370472619815702,205.77456193066547,188.77885153297416,loco,ridge
protocol_122_raw,structural43,road_segments,Riyadh,,,,,,,,,,,negative_r2_loco_tabular_knn,0.7465535983597171,-0.7465535983597171,195.39459050853992,161.39,loco,tabular_knn
protocol_122_raw,structural43,road_segments,Seoul,,,,,,,,,,,negative_r2_loco_tabular_knn,0.0742013538676689,-0.0742013538676689,209.3910981871006,165.02,loco,tabular_knn
protocol_122_raw,structural43,road_segments,Shanghai,,,,,,,,,,,negative_r2_loco_ridge,0.5783435661291962,-0.5783435661291962,204.76887205145192,179.9796883372913,loco,ridge
protocol_122_raw,structural43,road_segments,Shanghai,,,,,,,,,,,negative_r2_loco_tabular_knn,1.1564475056660752,-1.1564475056660752,239.34954773301743,212.09,loco,tabular_knn
protocol_122_raw,structural43,road_segments,Vienna,,,,,,,,,,,negative_r2_loco_tabular_knn,0.4113957868456277,-0.4113957868456277,247.863090392554,180.0736842105263,loco,tabular_knn
protocol_122_raw,structural43,intersection_nodes,Accra,,,,,,,,,,,negative_r2_loco_ridge,0.216344461139337,-0.216344461139337,7.041178895329914,4.638525527668227,loco,ridge
protocol_122_raw,structural43,intersection_nodes,AddisAbaba,,,,,,,,,,,negative_r2_loco_ridge,0.7667284437968385,-0.7667284437968385,4.720004838586305,3.150736536386271,loco,ridge
protocol_122_raw,structural43,intersection_nodes,Bangkok,,,,,,,,,,,negative_r2_loco_ridge,0.2512495910200407,-0.2512495910200407,7.613623672600383,6.755601618582645,loco,ridge
protocol_122_raw,structural43,intersection_nodes,Bangkok,,,,,,,,,,,negative_r2_loco_tabular_knn,0.0563056499919054,-0.0563056499919054,6.995427077741573,5.12,loco,tabular_knn
protocol_122_raw,structural43,intersection_nodes,Beijing,,,,,,,,,,,negative_r2_loco_ridge,2.375575207854954,-2.375575207854954,7.221093963059849,5.855955859737074,loco,ridge
protocol_122_raw,structural43,intersection_nodes,Beijing,,,,,,,,,,,negative_r2_loco_tabular_knn,0.0692992393591194,-0.0692992393591194,4.064234245217664,3.17,loco,tabular_knn
protocol_122_raw,structural43,intersection_nodes,Bengaluru,,,,,,,,,,,negative_r2_loco_ridge,0.0128151814791419,-0.0128151814791419,10.04107659956316,7.274149999194951,loco,ridge
protocol_122_raw,structural43,intersection_nodes,Cairo,,,,,,,,,,,negative_r2_loco_ridge,5.371749672817853,-5.371749672817853,9.94672524224326,8.577477417502475,loco,ridge
protocol_122_raw,structural43,intersection_nodes,Cairo,,,,,,,,,,,negative_r2_loco_tabular_knn,3.086298502656576,-3.086298502656576,7.965550828411052,5.110000000000001,loco,tabular_knn
protocol_122_raw,structural43,intersection_nodes,Jakarta,,,,,,,,,,,negative_r2_loco_ridge,0.3101988541098068,-0.3101988541098068,15.226175216960923,10.420301180988904,loco,ridge
protocol_122_raw,structural43,intersection_nodes,Jakarta,,,,,,,,,,,negative_r2_loco_tabular_knn,0.3228556492745023,-0.3228556492745023,15.299542476819363,11.3,loco,tabular_knn
protocol_122_raw,structural43,intersection_nodes,Lagos,,,,,,,,,,,negative_r2_loco_ridge,2.589268026033429,-2.589268026033429,5.226311287907982,2.932347680838649,loco,ridge
protocol_122_raw,structural43,intersection_nodes,Lagos,,,,,,,,,,,negative_r2_loco_tabular_knn,2.650197109067019,-2.650197109067019,5.270483848756204,3.01,loco,tabular_knn
protocol_122_raw,structural43,intersection_nodes,London,,,,,,,,,,,negative_r2_loco_ridge,0.4411673053617722,-0.4411673053617722,6.880577445326389,4.701947697438881,loco,ridge
protocol_122_raw,structural43,intersection_nodes,London,,,,,,,,,,,negative_r2_loco_tabular_knn,0.4488888888888889,-0.4488888888888889,6.898985432656022,4.619999999999999,loco,tabular_knn
protocol_122_raw,structural43,intersection_nodes,LosAngeles,,,,,,,,,,,negative_r2_loco_tabular_knn,0.0308389166745304,-0.0308389166745304,18.102872700209765,10.55,loco,tabular_knn
protocol_122_raw,structural43,intersection_nodes,Paris,,,,,,,,,,,negative_r2_loco_tabular_knn,0.3043456281121948,-0.3043456281121948,34.07433051433293,22.26,loco,tabular_knn
protocol_122_raw,structural43,intersection_nodes,Riyadh,,,,,,,,,,,negative_r2_loco_ridge,12.058983357652153,-12.058983357652153,9.317166515094206,8.39046558330093,loco,ridge
protocol_122_raw,structural43,intersection_nodes,Riyadh,,,,,,,,,,,negative_r2_loco_tabular_knn,2.8291086874764946,-2.8291086874764946,5.045195734557779,3.63,loco,tabular_knn
protocol_122_raw,structural43,intersection_nodes,Seoul,,,,,,,,,,,negative_r2_loco_ridge,0.6239027398465173,-0.6239027398465173,9.62009444568259,7.376930983935596,loco,ridge
protocol_122_raw,structural43,intersection_nodes,Seoul,,,,,,,,,,,negative_r2_loco_tabular_knn,0.5498157571503772,-0.5498157571503772,9.398084911299748,5.640000000000001,loco,tabular_knn
protocol_122_raw,structural43,intersection_nodes,Shanghai,,,,,,,,,,,negative_r2_loco_ridge,1.380701455402435,-1.380701455402435,8.726891746683002,6.802601832176403,loco,ridge
protocol_122_raw,structural43,intersection_nodes,Shanghai,,,,,,,,,,,negative_r2_loco_tabular_knn,0.7966239449828072,-0.7966239449828072,7.581160860976372,5.23,loco,tabular_knn
protocol_122_raw,audited9,road_segments,Beijing,,,,,,,,,,,negative_r2_in_city_ridge,3.277777820500238,-3.277777820500238,165.7923370965849,107.2986301715548,in_city,ridge
protocol_122_raw,audited9,road_segments,Beijing,,,,,,,,,,,negative_r2_in_city_tabular_knn,0.3377613695313852,-0.3377613695313852,92.71386088390452,58.833333333333336,in_city,tabular_knn
protocol_122_raw,audited9,road_segments,Beijing,,,,,,,,,,,negative_r2_in_city_ridge,2.0850384609897885,-2.0850384609897885,166.72628274281078,103.53226713901128,in_city,ridge
protocol_122_raw,audited9,road_segments,Beijing,,,,,,,,,,,negative_r2_in_city_tabular_knn,0.4365277439522534,-0.4365277439522534,113.7707929713656,77.23333333333333,in_city,tabular_knn
protocol_122_raw,audited9,road_segments,Beijing,,,,,,,,,,,negative_r2_in_city_ridge,1.5794306066945571,-1.5794306066945571,150.42386276361256,93.00495108343117,in_city,ridge
protocol_122_raw,audited9,road_segments,Beijing,,,,,,,,,,,negative_r2_in_city_tabular_knn,1.0253651678277391,-1.0253651678277391,133.29273548597214,115.43333333333337,in_city,tabular_knn
protocol_122_raw,audited9,road_segments,HongKong,,,,,,,,,,,negative_r2_in_city_ridge,2.823559716933409,-2.823559716933409,332.9844812621257,219.2762516021643,in_city,ridge
protocol_122_raw,audited9,road_segments,HongKong,,,,,,,,,,,negative_r2_in_city_tabular_knn,0.1762475274364749,-0.1762475274364749,184.68831401399856,128.0,in_city,tabular_knn
protocol_122_raw,audited9,road_segments,HongKong,,,,,,,,,,,negative_r2_in_city_ridge,74.52443444778756,-74.52443444778756,113.35626740903346,47.79625202820952,in_city,ridge
protocol_122_raw,audited9,road_segments,HongKong,,,,,,,,,,,negative_r2_in_city_tabular_knn,141.94595918367344,-141.94595918367344,155.9508469571957,63.66666666666666,in_city,tabular_knn
protocol_122_raw,audited9,road_segments,London,,,,,,,,,,,negative_r2_in_city_ridge,4.85735518466634,-4.85735518466634,200.1899702120141,133.89917289634135,in_city,ridge
protocol_122_raw,audited9,road_segments,London,,,,,,,,,,,negative_r2_in_city_tabular_knn,0.7683464873818573,-0.7683464873818573,109.9955756685998,94.33333333333331,in_city,tabular_knn
protocol_122_raw,audited9,road_segments,London,,,,,,,,,,,negative_r2_in_city_ridge,0.3045749832144913,-0.3045749832144913,197.8373194800297,139.43691885180735,in_city,ridge
protocol_122_raw,audited9,road_segments,London,,,,,,,,,,,negative_r2_in_city_tabular_knn,0.1165423562470777,-0.1165423562470777,183.0253716473939,126.23333333333336,in_city,tabular_knn
protocol_122_raw,audited9,road_segments,NewYork,,,,,,,,,,,negative_r2_in_city_tabular_knn,0.201015764864489,-0.201015764864489,279.19543931327627,242.6,in_city,tabular_knn
protocol_122_raw,audited9,road_segments,Paris,,,,,,,,,,,negative_r2_in_city_ridge,0.7148772503225485,-0.7148772503225485,870.1013658164953,687.537907084582,in_city,ridge
protocol_122_raw,audited9,road_segments,Paris,,,,,,,,,,,negative_r2_in_city_tabular_knn,0.4353059688720653,-0.4353059688720653,796.0229268055035,616.3000000000001,in_city,tabular_knn
protocol_122_raw,audited9,road_segments,Paris,,,,,,,,,,,negative_r2_in_city_ridge,0.3286065588787705,-0.3286065588787705,439.47177261721487,381.3753530390591,in_city,ridge
protocol_122_raw,audited9,road_segments,Seoul,,,,,,,,,,,negative_r2_in_city_ridge,1.299537972982117,-1.299537972982117,241.3120789975093,194.7928549780222,in_city,ridge
protocol_122_raw,audited9,road_segments,Seoul,,,,,,,,,,,negative_r2_in_city_tabular_knn,0.3033281594676806,-0.3033281594676806,181.67102135453527,147.86666666666667,in_city,tabular_knn
protocol_122_raw,audited9,road_segments,Seoul,,,,,,,,,,,negative_r2_in_city_ridge,0.8544873252970746,-0.8544873252970746,223.2298553583279,196.1067633186078,in_city,ridge
protocol_122_raw,audited9,road_segments,Tokyo,,,,,,,,,,,negative_r2_in_city_ridge,3.104316853350229,-3.104316853350229,442.1791020958702,351.7184725446298,in_city,ridge
protocol_122_raw,audited9,road_segments,Tokyo,,,,,,,,,,,negative_r2_in_city_tabular_knn,1.4320876793611106,-1.4320876793611106,340.3826278371641,324.20000000000005,in_city,tabular_knn
protocol_122_raw,audited9,road_segments,Tokyo,,,,,,,,,,,negative_r2_in_city_ridge,0.1710601890080529,-0.1710601890080529,359.15169176666706,302.706189024734,in_city,ridge
protocol_122_raw,audited9,intersection_nodes,Beijing,,,,,,,,,,,negative_r2_in_city_tabular_knn,0.1723778501628663,-0.1723778501628663,5.4766169606184185,3.5,in_city,tabular_knn
protocol_122_raw,audited9,intersection_nodes,Beijing,,,,,,,,,,,negative_r2_in_city_ridge,0.2178204039217437,-0.2178204039217437,4.579691433175023,3.2234069252585207,in_city,ridge
protocol_122_raw,audited9,intersection_nodes,Beijing,,,,,,,,,,,negative_r2_in_city_tabular_knn,1.0496774193548384,-1.0496774193548384,5.941380311005179,4.166666666666667,in_city,tabular_knn
protocol_122_raw,audited9,intersection_nodes,HongKong,,,,,,,,,,,negative_r2_in_city_tabular_knn,0.1942274721565979,-0.1942274721565979,38.3975693675177,16.2,in_city,tabular_knn
protocol_122_raw,audited9,intersection_nodes,HongKong,,,,,,,,,,,negative_r2_in_city_ridge,39.13602393230917,-39.13602393230917,9.26533839819111,5.442680666349012,in_city,ridge
protocol_122_raw,audited9,intersection_nodes,London,,,,,,,,,,,negative_r2_in_city_ridge,16.43537001961565,-16.43537001961565,9.258720354154974,7.291171051792779,in_city,ridge
protocol_122_raw,audited9,intersection_nodes,London,,,,,,,,,,,negative_r2_in_city_tabular_knn,7.80677966101695,-7.80677966101695,6.580273550544841,5.699999999999999,in_city,tabular_knn
protocol_122_raw,audited9,intersection_nodes,NewYork,,,,,,,,,,,negative_r2_in_city_ridge,0.0695211437979443,-0.0695211437979443,19.1198396628808,13.598318287846933,in_city,ridge
protocol_122_raw,audited9,intersection_nodes,NewYork,,,,,,,,,,,negative_r2_in_city_ridge,0.3021445868925414,-0.3021445868925414,25.2832845990257,17.286788630148422,in_city,ridge
protocol_122_raw,audited9,intersection_nodes,Paris,,,,,,,,,,,negative_r2_in_city_ridge,0.3588254980972587,-0.3588254980972587,43.23398788095952,32.64366302361845,in_city,ridge
protocol_122_raw,audited9,intersection_nodes,Paris,,,,,,,,,,,negative_r2_in_city_tabular_knn,0.5837111528442478,-0.5837111528442478,46.67468978650706,36.36666666666667,in_city,tabular_knn
protocol_122_raw,audited9,intersection_nodes,Seoul,,,,,,,,,,,negative_r2_in_city_tabular_knn,0.1575743707093819,-0.1575743707093819,7.497110554518098,6.366666666666667,in_city,tabular_knn
protocol_122_raw,audited9,intersection_nodes,Seoul,,,,,,,,,,,negative_r2_in_city_ridge,0.5395492140512068,-0.5395492140512068,7.091681111861941,5.727228942388416,in_city,ridge
protocol_122_raw,audited9,intersection_nodes,Seoul,,,,,,,,,,,negative_r2_in_city_tabular_knn,0.0504081632653061,-0.0504081632653061,5.857758388098073,4.500000000000001,in_city,tabular_knn
protocol_122_raw,audited9,intersection_nodes,Shanghai,,,,,,,,,,,negative_r2_in_city_tabular_knn,0.0841015625000005,-0.0841015625000005,7.85323712448143,6.166666666666667,in_city,tabular_knn
protocol_122_raw,audited9,intersection_nodes,Tokyo,,,,,,,,,,,negative_r2_in_city_ridge,0.1923074062857015,-0.1923074062857015,49.022054390541214,24.322003553202943,in_city,ridge
protocol_122_raw,audited9,intersection_nodes,Tokyo,,,,,,,,,,,negative_r2_in_city_tabular_knn,0.3325821389195145,-0.3325821389195145,51.82560499727266,27.73333333333333,in_city,tabular_knn
protocol_122_raw,audited9,intersection_nodes,Tokyo,,,,,,,,,,,negative_r2_in_city_ridge,7.603021103645238,-7.603021103645238,25.88589876458977,22.4947979514504,in_city,ridge
protocol_122_raw,audited9,intersection_nodes,Tokyo,,,,,,,,,,,negative_r2_in_city_tabular_knn,1.4978316690442224,-1.4978316690442224,13.9482376425602,11.9,in_city,tabular_knn
protocol_122_raw,audited9,intersection_nodes,Tokyo,,,,,,,,,,,negative_r2_in_city_ridge,3.170086514940441,-3.170086514940441,24.86160674822515,22.574385063724343,in_city,ridge
protocol_122_raw,audited9,intersection_nodes,Tokyo,,,,,,,,,,,negative_r2_in_city_tabular_knn,2.433043478260869,-2.433043478260869,22.557777668319485,18.133333333333333,in_city,tabular_knn
protocol_122_raw,structural43,road_segments,Accra,,,,,,,,,,,negative_r2_in_city_tabular_knn,0.0586500910357434,-0.0586500910357434,178.64771665673948,112.43333333333332,in_city,tabular_knn
protocol_122_raw,structural43,road_segments,Accra,,,,,,,,,,,negative_r2_in_city_tabular_knn,0.5419743431310655,-0.5419743431310655,138.5709445254187,108.73333333333332,in_city,tabular_knn
protocol_122_raw,structural43,road_segments,AddisAbaba,,,,,,,,,,,negative_r2_in_city_ridge,0.4378153403545446,-0.4378153403545446,154.50375097992395,134.76745550740182,in_city,ridge
protocol_122_raw,structural43,road_segments,AddisAbaba,,,,,,,,,,,negative_r2_in_city_tabular_knn,0.5464956532796152,-0.5464956532796152,160.23663750840504,154.63333333333335,in_city,tabular_knn
protocol_122_raw,structural43,road_segments,AddisAbaba,,,,,,,,,,,negative_r2_in_city_ridge,0.7649541188694895,-0.7649541188694895,179.0811262819585,157.53776116478983,in_city,ridge
protocol_122_raw,structural43,road_segments,Amsterdam,,,,,,,,,,,negative_r2_in_city_ridge,0.8917578976709015,-0.8917578976709015,141.53030046833734,125.02925356307048,in_city,ridge
protocol_122_raw,structural43,road_segments,Amsterdam,,,,,,,,,,,negative_r2_in_city_tabular_knn,0.4058893188346866,-0.4058893188346866,122.00909802141808,90.90000000000002,in_city,tabular_knn
protocol_122_raw,structural43,road_segments,Amsterdam,,,,,,,,,,,negative_r2_in_city_ridge,1.0355522255557772,-1.0355522255557772,184.10763117843092,171.40821967655617,in_city,ridge
protocol_122_raw,structural43,road_segments,Bangkok,,,,,,,,,,,negative_r2_in_city_ridge,0.222372192527638,-0.222372192527638,153.63020988394877,107.21656349804834,in_city,ridge
protocol_122_raw,structural43,road_segments,Bangkok,,,,,,,,,,,negative_r2_in_city_tabular_knn,0.3328499168474539,-0.3328499168474539,160.42258776951164,121.7,in_city,tabular_knn
protocol_122_raw,structural43,road_segments,Beijing,,,,,,,,,,,negative_r2_in_city_ridge,3.277777820500238,-3.277777820500238,165.7923370965849,107.2986301715548,in_city,ridge
protocol_122_raw,structural43,road_segments,Beijing,,,,,,,,,,,negative_r2_in_city_tabular_knn,0.3377613695313852,-0.3377613695313852,92.71386088390452,58.833333333333336,in_city,tabular_knn
protocol_122_raw,structural43,road_segments,Beijing,,,,,,,,,,,negative_r2_in_city_ridge,2.0850384609897885,-2.0850384609897885,166.72628274281078,103.53226713901128,in_city,ridge
protocol_122_raw,structural43,road_segments,Beijing,,,,,,,,,,,negative_r2_in_city_tabular_knn,0.4365277439522534,-0.4365277439522534,113.7707929713656,77.23333333333333,in_city,tabular_knn
protocol_122_raw,structural43,road_segments,Beijing,,,,,,,,,,,negative_r2_in_city_ridge,1.5794306066945571,-1.5794306066945571,150.42386276361256,93.00495108343114,in_city,ridge
protocol_122_raw,structural43,road_segments,Beijing,,,,,,,,,,,negative_r2_in_city_tabular_knn,1.0253651678277391,-1.0253651678277391,133.29273548597214,115.43333333333337,in_city,tabular_knn
protocol_122_raw,structural43,road_segments,Bengaluru,,,,,,,,,,,negative_r2_in_city_tabular_knn,1.038752531012172,-1.038752531012172,170.8791775885328,122.53333333333332,in_city,tabular_knn
protocol_122_raw,structural43,road_segments,BuenosAires,,,,,,,,,,,negative_r2_in_city_ridge,0.2339166749955517,-0.2339166749955517,436.9802727791902,277.37951564637075,in_city,ridge
protocol_122_raw,structural43,road_segments,BuenosAires,,,,,,,,,,,negative_r2_in_city_ridge,4.139039068311517,-4.139039068311517,312.3662125977569,188.8522441669983,in_city,ridge
protocol_122_raw,structural43,road_segments,Cairo,,,,,,,,,,,negative_r2_in_city_ridge,1.8560710140844905,-1.8560710140844905,308.3910224305386,244.392467926196,in_city,ridge
protocol_122_raw,structural43,road_segments,Cairo,,,,,,,,,,,negative_r2_in_city_ridge,4.788996124893962,-4.788996124893962,374.383081561639,299.99718901004644,in_city,ridge
protocol_122_raw,structural43,road_segments,Cairo,,,,,,,,,,,negative_r2_in_city_tabular_knn,1.0322425252028102,-1.0322425252028102,221.82084362536057,190.3666666666667,in_city,tabular_knn
protocol_122_raw,structural43,road_segments,Cairo,,,,,,,,,,,negative_r2_in_city_ridge,0.44825934529673,-0.44825934529673,255.07972479239183,190.65757777468275,in_city,ridge
protocol_122_raw,structural43,road_segments,CapeTown,,,,,,,,,,,negative_r2_in_city_ridge,0.4497195482337504,-0.4497195482337504,568.712901357396,409.4927624901025,in_city,ridge
protocol_122_raw,structural43,road_segments,CapeTown,,,,,,,,,,,negative_r2_in_city_tabular_knn,0.8802369625760493,-0.8802369625760493,647.6753610670498,488.4,in_city,tabular_knn
protocol_122_raw,structural43,road_segments,CapeTown,,,,,,,,,,,negative_r2_in_city_ridge,0.1224609269926066,-0.1224609269926066,378.8102191553653,301.4562930264197,in_city,ridge
protocol_122_raw,structural43,road_segments,CapeTown,,,,,,,,,,,negative_r2_in_city_ridge,0.6325480378349706,-0.6325480378349706,396.2698096872414,306.6298491767301,in_city,ridge
protocol_122_raw,structural43,road_segments,CapeTown,,,,,,,,,,,negative_r2_in_city_tabular_knn,1.2712579586794113,-1.2712579586794113,467.4027171508527,321.6333333333334,in_city,tabular_knn
protocol_122_raw,structural43,road_segments,Chicago,,,,,,,,,,,negative_r2_in_city_ridge,0.5363841912766234,-0.5363841912766234,289.0702144979832,238.486640464668,in_city,ridge
protocol_122_raw,structural43,road_segments,Dubai,,,,,,,,,,,negative_r2_in_city_tabular_knn,0.5374692593641335,-0.5374692593641335,343.21120805319475,320.8666666666668,in_city,tabular_knn
protocol_122_raw,structural43,road_segments,HongKong,,,,,,,,,,,negative_r2_in_city_ridge,2.823559716933409,-2.823559716933409,332.9844812621257,219.2762516021643,in_city,ridge
protocol_122_raw,structural43,road_segments,HongKong,,,,,,,,,,,negative_r2_in_city_tabular_knn,0.1762475274364749,-0.1762475274364749,184.68831401399856,128.0,in_city,tabular_knn
protocol_122_raw,structural43,road_segments,HongKong,,,,,,,,,,,negative_r2_in_city_ridge,74.52443444778756,-74.52443444778756,113.35626740903346,47.79625202820954,in_city,ridge
protocol_122_raw,structural43,road_segments,HongKong,,,,,,,,,,,negative_r2_in_city_tabular_knn,141.94595918367344,-141.94595918367344,155.9508469571957,63.66666666666666,in_city,tabular_knn
protocol_122_raw,structural43,road_segments,Istanbul,,,,,,,,,,,negative_r2_in_city_tabular_knn,0.0030187418582174,-0.0030187418582174,230.30818483067424,174.5,in_city,tabular_knn
protocol_122_raw,structural43,road_segments,Istanbul,,,,,,,,,,,negative_r2_in_city_tabular_knn,0.467927867573785,-0.467927867573785,369.2411407197199,278.6333333333333,in_city,tabular_knn
protocol_122_raw,structural43,road_segments,Jakarta,,,,,,,,,,,negative_r2_in_city_ridge,0.6806149736426181,-0.6806149736426181,332.10955017726684,293.4339648890059,in_city,ridge
protocol_122_raw,structural43,road_segments,Jakarta,,,,,,,,,,,negative_r2_in_city_tabular_knn,0.2656088937911325,-0.2656088937911325,288.2020124842989,228.6,in_city,tabular_knn
protocol_122_raw,structural43,road_segments,Jakarta,,,,,,,,,,,negative_r2_in_city_ridge,6.302450016854227,-6.302450016854227,459.2478089261271,361.664095124823,in_city,ridge
protocol_122_raw,structural43,road_segments,Jakarta,,,,,,,,,,,negative_r2_in_city_tabular_knn,4.417074829670266,-4.417074829670266,395.5443759343992,339.8333333333333,in_city,tabular_knn
protocol_122_raw,structural43,road_segments,Jakarta,,,,,,,,,,,negative_r2_in_city_ridge,1.7425704395342176,-1.7425704395342176,259.432443246932,201.98163076571183,in_city,ridge
protocol_122_raw,structural43,road_segments,Jakarta,,,,,,,,,,,negative_r2_in_city_tabular_knn,1.0630405683025963,-1.0630405683025963,225.00868131400324,140.33333333333334,in_city,tabular_knn
protocol_122_raw,structural43,road_segments,Johannesburg,,,,,,,,,,,negative_r2_in_city_ridge,0.3115790738495019,-0.3115790738495019,108.13038866150228,78.52919973301611,in_city,ridge
protocol_122_raw,structural43,road_segments,Johannesburg,,,,,,,,,,,negative_r2_in_city_tabular_knn,0.6334941808833843,-0.6334941808833843,120.67278069225058,97.6,in_city,tabular_knn
protocol_122_raw,structural43,road_segments,KualaLumpur,,,,,,,,,,,negative_r2_in_city_ridge,2.2653051858909112,-2.2653051858909112,259.9730993024946,181.48962841106933,in_city,ridge
protocol_122_raw,structural43,road_segments,KualaLumpur,,,,,,,,,,,negative_r2_in_city_tabular_knn,1.533536106160486,-1.533536106160486,228.99714699823957,209.86666666666667,in_city,tabular_knn
protocol_122_raw,structural43,road_segments,KualaLumpur,,,,,,,,,,,negative_r2_in_city_ridge,0.507071840006158,-0.507071840006158,192.6394807298986,164.95092660724322,in_city,ridge
protocol_122_raw,structural43,road_segments,KualaLumpur,,,,,,,,,,,negative_r2_in_city_ridge,1.8127954849798436,-1.8127954849798436,423.5040925066936,363.6154639623856,in_city,ridge
protocol_122_raw,structural43,road_segments,Lagos,,,,,,,,,,,negative_r2_in_city_ridge,0.4973705436298907,-0.4973705436298907,181.4140014647465,95.85419587201034,in_city,ridge
protocol_122_raw,structural43,road_segments,Lagos,,,,,,,,,,,negative_r2_in_city_ridge,1.3385892838503994,-1.3385892838503994,216.24202278256703,171.67176214125968,in_city,ridge
protocol_122_raw,structural43,road_segments,Lagos,,,,,,,,,,,negative_r2_in_city_ridge,9.644571969939244,-9.644571969939244,180.9143140541404,122.91121899772456,in_city,ridge
protocol_122_raw,structural43,road_segments,Lagos,,,,,,,,,,,negative_r2_in_city_tabular_knn,1.209763580352869,-1.209763580352869,82.4293232614058,55.16666666666666,in_city,tabular_knn
protocol_122_raw,structural43,road_segments,Lima,,,,,,,,,,,negative_r2_in_city_ridge,0.3443730247149517,-0.3443730247149517,214.2768270988849,167.51201666617217,in_city,ridge
protocol_122_raw,structural43,road_segments,Lima,,,,,,,,,,,negative_r2_in_city_tabular_knn,1.4019355956382729,-1.4019355956382729,286.4151532304113,235.26666666666665,in_city,tabular_knn
protocol_122_raw,structural43,road_segments,London,,,,,,,,,,,negative_r2_in_city_ridge,4.857355184666339,-4.857355184666339,200.1899702120141,133.89917289634135,in_city,ridge
protocol_122_raw,structural43,road_segments,London,,,,,,,,,,,negative_r2_in_city_tabular_knn,0.7683464873818573,-0.7683464873818573,109.9955756685998,94.33333333333331,in_city,tabular_knn
protocol_122_raw,structural43,road_segments,London,,,,,,,,,,,negative_r2_in_city_ridge,0.304574983214491,-0.304574983214491,197.83731948002963,139.43691885180735,in_city,ridge
protocol_122_raw,structural43,road_segments,London,,,,,,,,,,,negative_r2_in_city_tabular_knn,0.1165423562470777,-0.1165423562470777,183.0253716473939,126.23333333333336,in_city,tabular_knn
protocol_122_raw,structural43,road_segments,LosAngeles,,,,,,,,,,,negative_r2_in_city_ridge,0.4940356921545927,-0.4940356921545927,225.19382985277505,212.95333358330532,in_city,ridge
protocol_122_raw,structural43,road_segments,LosAngeles,,,,,,,,,,,negative_r2_in_city_ridge,0.7880782649104128,-0.7880782649104128,163.45736387383457,115.31885099790952,in_city,ridge
protocol_122_raw,structural43,road_segments,LosAngeles,,,,,,,,,,,negative_r2_in_city_tabular_knn,0.2633433780294425,-0.2633433780294425,137.3953177271094,118.16666666666669,in_city,tabular_knn
protocol_122_raw,structural43,road_segments,Madrid,,,,,,,,,,,negative_r2_in_city_tabular_knn,0.1358293430951176,-0.1358293430951176,348.7541158657964,283.3666666666667,in_city,tabular_knn
protocol_122_raw,structural43,road_segments,Madrid,,,,,,,,,,,negative_r2_in_city_ridge,2.5926083519789023,-2.5926083519789023,289.3415843361689,246.5657914956173,in_city,ridge
protocol_122_raw,structural43,road_segments,Madrid,,,,,,,,,,,negative_r2_in_city_tabular_knn,3.5235205767497755,-3.5235205767497755,324.67152631544394,279.46666666666664,in_city,tabular_knn
protocol_122_raw,structural43,road_segments,Manila,,,,,,,,,,,negative_r2_in_city_ridge,1.2989678378387128,-1.2989678378387128,314.7838915865733,201.54585233424223,in_city,ridge
protocol_122_raw,structural43,road_segments,MexicoCity,,,,,,,,,,,negative_r2_in_city_tabular_knn,1.191071644171504,-1.191071644171504,180.73658548653987,138.63333333333333,in_city,tabular_knn
protocol_122_raw,structural43,road_segments,Nairobi,,,,,,,,,,,negative_r2_in_city_ridge,0.0406927636321559,-0.0406927636321559,164.93485527449403,126.75259721584044,in_city,ridge
protocol_122_raw,structural43,road_segments,NewYork,,,,,,,,,,,negative_r2_in_city_tabular_knn,0.201015764864489,-0.201015764864489,279.19543931327627,242.6,in_city,tabular_knn
protocol_122_raw,structural43,road_segments,Paris,,,,,,,,,,,negative_r2_in_city_ridge,0.7148772503225485,-0.7148772503225485,870.1013658164953,687.537907084582,in_city,ridge
protocol_122_raw,structural43,road_segments,Paris,,,,,,,,,,,negative_r2_in_city_tabular_knn,0.4353059688720653,-0.4353059688720653,796.0229268055035,616.3000000000001,in_city,tabular_knn
protocol_122_raw,structural43,road_segments,Paris,,,,,,,,,,,negative_r2_in_city_ridge,0.3286065588787703,-0.3286065588787703,439.4717726172148,381.3753530390591,in_city,ridge
protocol_122_raw,structural43,road_segments,RioDeJaneiro,,,,,,,,,,,negative_r2_in_city_ridge,4.920833032078671,-4.920833032078671,360.9252602516132,273.4576397095398,in_city,ridge
protocol_122_raw,structural43,road_segments,RioDeJaneiro,,,,,,,,,,,negative_r2_in_city_tabular_knn,0.187649917366641,-0.187649917366641,161.64790956479044,120.7,in_city,tabular_knn
protocol_122_raw,structural43,road_segments,RioDeJaneiro,,,,,,,,,,,negative_r2_in_city_ridge,0.0954587349731392,-0.0954587349731392,375.4460886483729,225.86211654587703,in_city,ridge
protocol_122_raw,structural43,road_segments,Riyadh,,,,,,,,,,,negative_r2_in_city_ridge,0.1040394279055487,-0.1040394279055487,200.83180127471127,117.78524198186152,in_city,ridge
protocol_122_raw,structural43,road_segments,Riyadh,,,,,,,,,,,negative_r2_in_city_tabular_knn,0.4056586015680066,-0.4056586015680066,226.6105469743189,138.1,in_city,tabular_knn
protocol_122_raw,structural43,road_segments,Santiago,,,,,,,,,,,negative_r2_in_city_tabular_knn,0.7354746084074955,-0.7354746084074955,150.25895425342657,141.29999999999998,in_city,tabular_knn
protocol_122_raw,structural43,road_segments,SaoPaulo,,,,,,,,,,,negative_r2_in_city_tabular_knn,0.0089901739727162,-0.0089901739727162,172.4330208129135,152.4,in_city,tabular_knn
protocol_122_raw,structural43,road_segments,SaoPaulo,,,,,,,,,,,negative_r2_in_city_ridge,0.7487911197757438,-0.7487911197757438,269.88790610205706,206.217107427376,in_city,ridge
protocol_122_raw,structural43,road_segments,SaoPaulo,,,,,,,,,,,negative_r2_in_city_tabular_knn,1.1184255005842147,-1.1184255005842147,297.04418302108974,225.96666666666667,in_city,tabular_knn
protocol_122_raw,structural43,road_segments,Seoul,,,,,,,,,,,negative_r2_in_city_ridge,1.299537972982117,-1.299537972982117,241.3120789975093,194.7928549780222,in_city,ridge
protocol_122_raw,structural43,road_segments,Seoul,,,,,,,,,,,negative_r2_in_city_tabular_knn,0.3033281594676806,-0.3033281594676806,181.67102135453527,147.86666666666667,in_city,tabular_knn
protocol_122_raw,structural43,road_segments,Seoul,,,,,,,,,,,negative_r2_in_city_ridge,0.8544873252970746,-0.8544873252970746,223.2298553583279,196.1067633186078,in_city,ridge
protocol_122_raw,structural43,road_segments,Tokyo,,,,,,,,,,,negative_r2_in_city_ridge,3.104316853350229,-3.104316853350229,442.1791020958703,351.7184725446298,in_city,ridge
protocol_122_raw,structural43,road_segments,Tokyo,,,,,,,,,,,negative_r2_in_city_tabular_knn,1.4320876793611106,-1.4320876793611106,340.3826278371641,324.20000000000005,in_city,tabular_knn
protocol_122_raw,structural43,road_segments,Tokyo,,,,,,,,,,,negative_r2_in_city_ridge,0.1710601890080527,-0.1710601890080527,359.15169176666706,302.706189024734,in_city,ridge
protocol_122_raw,structural43,road_segments,Vienna,,,,,,,,,,,negative_r2_in_city_tabular_knn,0.069591368711753,-0.069591368711753,227.10263465373245,176.83333333333334,in_city,tabular_knn
protocol_122_raw,structural43,road_segments,Vienna,,,,,,,,,,,negative_r2_in_city_ridge,0.2016388742685728,-0.2016388742685728,170.16009127398883,153.10686776534865,in_city,ridge
protocol_122_raw,structural43,road_segments,Vienna,,,,,,,,,,,negative_r2_in_city_tabular_knn,1.0163927101189811,-1.0163927101189811,220.42369806050044,171.4333333333333,in_city,tabular_knn
protocol_122_raw,structural43,intersection_nodes,Accra,,,,,,,,,,,negative_r2_in_city_ridge,0.5682771248312217,-0.5682771248312217,7.108683001958899,4.396662135489898,in_city,ridge
protocol_122_raw,structural43,intersection_nodes,Accra,,,,,,,,,,,negative_r2_in_city_tabular_knn,0.2469655172413789,-0.2469655172413789,6.338769596696191,3.4333333333333336,in_city,tabular_knn
protocol_122_raw,structural43,intersection_nodes,Accra,,,,,,,,,,,negative_r2_in_city_ridge,4.383326027265007,-4.383326027265007,3.544163379927391,2.516054947757222,in_city,ridge
protocol_122_raw,structural43,intersection_nodes,Accra,,,,,,,,,,,negative_r2_in_city_tabular_knn,1.3000000000000005,-1.3000000000000005,2.316606713852541,1.7,in_city,tabular_knn
protocol_122_raw,structural43,intersection_nodes,Accra,,,,,,,,,,,negative_r2_in_city_ridge,148.91394153018746,-148.91394153018746,4.563045120101443,2.5824289086929704,in_city,ridge
protocol_122_raw,structural43,intersection_nodes,Accra,,,,,,,,,,,negative_r2_in_city_tabular_knn,20.744000000000003,-20.744000000000003,1.737814719698277,1.4333333333333336,in_city,tabular_knn
protocol_122_raw,structural43,intersection_nodes,Amsterdam,,,,,,,,,,,negative_r2_in_city_ridge,0.7989478654220346,-0.7989478654220346,4.380499655423839,3.1450392082811605,in_city,ridge
protocol_122_raw,structural43,intersection_nodes,Amsterdam,,,,,,,,,,,negative_r2_in_city_tabular_knn,4.2775,-4.2775,7.502888332724494,5.466666666666666,in_city,tabular_knn
protocol_122_raw,structural43,intersection_nodes,Amsterdam,,,,,,,,,,,negative_r2_in_city_ridge,2.937403262575275,-2.937403262575275,15.02479463157425,13.836001621086815,in_city,ridge
protocol_122_raw,structural43,intersection_nodes,Bangkok,,,,,,,,,,,negative_r2_in_city_ridge,0.0667071277633202,-0.0667071277633202,7.675020394459839,6.990473469573669,in_city,ridge
protocol_122_raw,structural43,intersection_nodes,Bangkok,,,,,,,,,,,negative_r2_in_city_tabular_knn,0.0145674044265593,-0.0145674044265593,7.485096303099023,5.8,in_city,tabular_knn
protocol_122_raw,structural43,intersection_nodes,Beijing,,,,,,,,,,,negative_r2_in_city_tabular_knn,0.1723778501628663,-0.1723778501628663,5.4766169606184185,3.5,in_city,tabular_knn
protocol_122_raw,structural43,intersection_nodes,Beijing,,,,,,,,,,,negative_r2_in_city_ridge,0.2178204039217437,-0.2178204039217437,4.579691433175023,3.22340692525852,in_city,ridge
protocol_122_raw,structural43,intersection_nodes,Beijing,,,,,,,,,,,negative_r2_in_city_tabular_knn,1.0496774193548384,-1.0496774193548384,5.941380311005179,4.166666666666667,in_city,tabular_knn
protocol_122_raw,structural43,intersection_nodes,Bengaluru,,,,,,,,,,,negative_r2_in_city_ridge,0.4534556381955601,-0.4534556381955601,13.011041775432709,10.642563355084974,in_city,ridge
protocol_122_raw,structural43,intersection_nodes,Bengaluru,,,,,,,,,,,negative_r2_in_city_tabular_knn,0.0730455521106607,-0.0730455521106607,11.179445424527998,9.433333333333332,in_city,tabular_knn
protocol_122_raw,structural43,intersection_nodes,Bengaluru,,,,,,,,,,,negative_r2_in_city_ridge,4.334272281604622,-4.334272281604622,12.07490962135368,9.317884762841018,in_city,ridge
protocol_122_raw,structural43,intersection_nodes,Bengaluru,,,,,,,,,,,negative_r2_in_city_tabular_knn,2.7351219512195133,-2.7351219512195133,10.104124570359046,8.066666666666668,in_city,tabular_knn
protocol_122_raw,structural43,intersection_nodes,Berlin,,,,,,,,,,,negative_r2_in_city_ridge,1.123656777621206,-1.123656777621206,13.349539240065411,8.617957699953285,in_city,ridge
protocol_122_raw,structural43,intersection_nodes,Berlin,,,,,,,,,,,negative_r2_in_city_ridge,0.807643988304003,-0.807643988304003,6.1937244383691805,5.378271515028362,in_city,ridge
protocol_122_raw,structural43,intersection_nodes,Berlin,,,,,,,,,,,negative_r2_in_city_tabular_knn,0.2238743455497378,-0.2238743455497378,5.096403960964371,4.0,in_city,tabular_knn
protocol_122_raw,structural43,intersection_nodes,BuenosAires,,,,,,,,,,,negative_r2_in_city_ridge,5.133566357113073,-5.133566357113073,15.64164783235802,10.13274814456925,in_city,ridge
protocol_122_raw,structural43,intersection_nodes,BuenosAires,,,,,,,,,,,negative_r2_in_city_tabular_knn,0.0444011142061284,-0.0444011142061284,6.45445582524197,4.366666666666667,in_city,tabular_knn
protocol_122_raw,structural43,intersection_nodes,Cairo,,,,,,,,,,,negative_r2_in_city_ridge,0.2454798451907205,-0.2454798451907205,5.049528707121424,4.145373531263951,in_city,ridge
protocol_122_raw,structural43,intersection_nodes,Cairo,,,,,,,,,,,negative_r2_in_city_tabular_knn,0.4553052917232019,-0.4553052917232019,5.458326972006471,4.7,in_city,tabular_knn
protocol_122_raw,structural43,intersection_nodes,Cairo,,,,,,,,,,,negative_r2_in_city_ridge,2.082959386859511,-2.082959386859511,8.323517792591838,6.404684469827553,in_city,ridge
protocol_122_raw,structural43,intersection_nodes,CapeTown,,,,,,,,,,,negative_r2_in_city_tabular_knn,0.1510339529881699,-0.1510339529881699,14.42613369317411,11.833333333333334,in_city,tabular_knn
protocol_122_raw,structural43,intersection_nodes,CapeTown,,,,,,,,,,,negative_r2_in_city_ridge,0.1250762595485783,-0.1250762595485783,14.253772174532635,10.50311707247242,in_city,ridge
protocol_122_raw,structural43,intersection_nodes,CapeTown,,,,,,,,,,,negative_r2_in_city_tabular_knn,0.2097831102907241,-0.2097831102907241,14.78061793926988,11.933333333333335,in_city,tabular_knn
protocol_122_raw,structural43,intersection_nodes,Chicago,,,,,,,,,,,negative_r2_in_city_ridge,3.936533632681309,-3.936533632681309,8.956487678273849,6.961930954978264,in_city,ridge
protocol_122_raw,structural43,intersection_nodes,Chicago,,,,,,,,,,,negative_r2_in_city_tabular_knn,1.9497435897435893,-1.9497435897435893,6.923390306297438,5.2,in_city,tabular_knn
protocol_122_raw,structural43,intersection_nodes,Chicago,,,,,,,,,,,negative_r2_in_city_ridge,0.501304182403298,-0.501304182403298,12.844323590152197,9.259325320096416,in_city,ridge
protocol_122_raw,structural43,intersection_nodes,Chicago,,,,,,,,,,,negative_r2_in_city_tabular_knn,0.0597977755308392,-0.0597977755308392,10.79166344916297,7.833333333333333,in_city,tabular_knn
protocol_122_raw,structural43,intersection_nodes,Chicago,,,,,,,,,,,negative_r2_in_city_tabular_knn,0.04350823883648,-0.04350823883648,45.81091572976904,23.53333333333333,in_city,tabular_knn
protocol_122_raw,structural43,intersection_nodes,Delhi,,,,,,,,,,,negative_r2_in_city_ridge,0.6071273643106425,-0.6071273643106425,7.428192209952481,6.3433028956246345,in_city,ridge
protocol_122_raw,structural43,intersection_nodes,Delhi,,,,,,,,,,,negative_r2_in_city_tabular_knn,0.2295312499999997,-0.2295312499999997,11.06375463695154,7.7,in_city,tabular_knn
protocol_122_raw,structural43,intersection_nodes,Delhi,,,,,,,,,,,negative_r2_in_city_ridge,0.1513719432217082,-0.1513719432217082,10.040369024087523,8.274165834701565,in_city,ridge
protocol_122_raw,structural43,intersection_nodes,Delhi,,,,,,,,,,,negative_r2_in_city_tabular_knn,0.55505076142132,-0.55505076142132,11.668476050167534,9.166666666666666,in_city,tabular_knn
protocol_122_raw,structural43,intersection_nodes,Dubai,,,,,,,,,,,negative_r2_in_city_tabular_knn,0.2979661987969062,-0.2979661987969062,19.43193248238579,15.266666666666667,in_city,tabular_knn
protocol_122_raw,structural43,intersection_nodes,Dubai,,,,,,,,,,,negative_r2_in_city_ridge,0.1792030660671379,-0.1792030660671379,10.070325897495763,6.604864692675094,in_city,ridge
protocol_122_raw,structural43,intersection_nodes,HongKong,,,,,,,,,,,negative_r2_in_city_tabular_knn,0.1942274721565979,-0.1942274721565979,38.3975693675177,16.2,in_city,tabular_knn
protocol_122_raw,structural43,intersection_nodes,HongKong,,,,,,,,,,,negative_r2_in_city_ridge,39.13602393230917,-39.13602393230917,9.26533839819111,5.442680666349012,in_city,ridge
protocol_122_raw,structural43,intersection_nodes,Istanbul,,,,,,,,,,,negative_r2_in_city_ridge,0.569944600822462,-0.569944600822462,6.180775459979104,5.1958832909083625,in_city,ridge
protocol_122_raw,structural43,intersection_nodes,Istanbul,,,,,,,,,,,negative_r2_in_city_ridge,0.0526569635401987,-0.0526569635401987,12.311888675170378,9.239518659362693,in_city,ridge
protocol_122_raw,structural43,intersection_nodes,Istanbul,,,,,,,,,,,negative_r2_in_city_tabular_knn,0.542685185185185,-0.542685185185185,14.904585424179588,10.266666666666667,in_city,tabular_knn
protocol_122_raw,structural43,intersection_nodes,Jakarta,,,,,,,,,,,negative_r2_in_city_ridge,1.5962796084490138,-1.5962796084490138,18.16832696378748,12.86244959690999,in_city,ridge
protocol_122_raw,structural43,intersection_nodes,Jakarta,,,,,,,,,,,negative_r2_in_city_tabular_knn,0.6902250382346515,-0.6902250382346515,14.65924054422102,10.666666666666666,in_city,tabular_knn
protocol_122_raw,structural43,intersection_nodes,Jakarta,,,,,,,,,,,negative_r2_in_city_ridge,5.813783743843763,-5.813783743843763,19.688285509826528,13.072225586906258,in_city,ridge
protocol_122_raw,structural43,intersection_nodes,Jakarta,,,,,,,,,,,negative_r2_in_city_tabular_knn,1.1826171874999996,-1.1826171874999996,11.14300976696452,8.699999999999998,in_city,tabular_knn
protocol_122_raw,structural43,intersection_nodes,Jakarta,,,,,,,,,,,negative_r2_in_city_ridge,2.548523416771346,-2.548523416771346,17.449441915945723,13.208866724807722,in_city,ridge
protocol_122_raw,structural43,intersection_nodes,Jakarta,,,,,,,,,,,negative_r2_in_city_tabular_knn,1.191932664292651,-1.191932664292651,13.714226190347013,9.0,in_city,tabular_knn
protocol_122_raw,structural43,intersection_nodes,KualaLumpur,,,,,,,,,,,negative_r2_in_city_ridge,8.195047844663222,-8.195047844663222,13.494926117747694,12.71524789090896,in_city,ridge
protocol_122_raw,structural43,intersection_nodes,KualaLumpur,,,,,,,,,,,negative_r2_in_city_tabular_knn,6.93413744740533,-6.93413744740533,12.535549449465709,12.1,in_city,tabular_knn
protocol_122_raw,structural43,intersection_nodes,KualaLumpur,,,,,,,,,,,negative_r2_in_city_ridge,1.80379141548369,-1.80379141548369,12.958238790419136,10.56195182550696,in_city,ridge
protocol_122_raw,structural43,intersection_nodes,Lagos,,,,,,,,,,,negative_r2_in_city_ridge,0.954952724277141,-0.954952724277141,3.065066708082955,1.673883749756606,in_city,ridge
protocol_122_raw,structural43,intersection_nodes,Lagos,,,,,,,,,,,negative_r2_in_city_ridge,0.0329440220538268,-0.0329440220538268,3.0158988663371944,2.458728464835494,in_city,ridge
protocol_122_raw,structural43,intersection_nodes,Lagos,,,,,,,,,,,negative_r2_in_city_ridge,0.3140199350239696,-0.3140199350239696,1.267290166074564,0.8280785703140939,in_city,ridge
protocol_122_raw,structural43,intersection_nodes,Lagos,,,,,,,,,,,negative_r2_in_city_tabular_knn,3.041818181818181,-3.041818181818181,2.222611077089287,1.2333333333333334,in_city,tabular_knn
protocol_122_raw,structural43,intersection_nodes,Lima,,,,,,,,,,,negative_r2_in_city_ridge,8.669354283919061,-8.669354283919061,10.721841199570878,8.243800839459851,in_city,ridge
protocol_122_raw,structural43,intersection_nodes,Lima,,,,,,,,,,,negative_r2_in_city_tabular_knn,11.244485981308411,-11.244485981308411,12.065377463359086,8.466666666666667,in_city,tabular_knn
protocol_122_raw,structural43,intersection_nodes,London,,,,,,,,,,,negative_r2_in_city_ridge,16.43537001961565,-16.43537001961565,9.258720354154974,7.291171051792779,in_city,ridge
protocol_122_raw,structural43,intersection_nodes,London,,,,,,,,,,,negative_r2_in_city_tabular_knn,7.80677966101695,-7.80677966101695,6.580273550544841,5.699999999999999,in_city,tabular_knn
protocol_122_raw,structural43,intersection_nodes,LosAngeles,,,,,,,,,,,negative_r2_in_city_tabular_knn,0.1422446601941749,-0.1422446601941749,15.655882813392118,13.133333333333333,in_city,tabular_knn
protocol_122_raw,structural43,intersection_nodes,LosAngeles,,,,,,,,,,,negative_r2_in_city_ridge,2.683847511005504,-2.683847511005504,11.727331626484297,10.646271703384832,in_city,ridge
protocol_122_raw,structural43,intersection_nodes,LosAngeles,,,,,,,,,,,negative_r2_in_city_tabular_knn,1.6176785714285713,-1.6176785714285713,9.885679878828096,7.3,in_city,tabular_knn
protocol_122_raw,structural43,intersection_nodes,Madrid,,,,,,,,,,,negative_r2_in_city_ridge,0.125793368319135,-0.125793368319135,8.886050639760263,7.771389395925422,in_city,ridge
protocol_122_raw,structural43,intersection_nodes,Manila,,,,,,,,,,,negative_r2_in_city_ridge,0.2166302365100052,-0.2166302365100052,8.718118747615671,6.878888043447901,in_city,ridge
protocol_122_raw,structural43,intersection_nodes,MexicoCity,,,,,,,,,,,negative_r2_in_city_ridge,0.0158474097022922,-0.0158474097022922,11.17428196541386,9.57765220020323,in_city,ridge
protocol_122_raw,structural43,intersection_nodes,MexicoCity,,,,,,,,,,,negative_r2_in_city_ridge,1.3446790310613954,-1.3446790310613954,6.776181153492897,5.082510018108423,in_city,ridge
protocol_122_raw,structural43,intersection_nodes,Mumbai,,,,,,,,,,,negative_r2_in_city_tabular_knn,0.1999999999999997,-0.1999999999999997,0.816496580927726,0.3333333333333333,in_city,tabular_knn
protocol_122_raw,structural43,intersection_nodes,Nairobi,,,,,,,,,,,negative_r2_in_city_ridge,0.018808616804852,-0.018808616804852,6.294468611246423,4.303056557604613,in_city,ridge
protocol_122_raw,structural43,intersection_nodes,NewYork,,,,,,,,,,,negative_r2_in_city_ridge,0.0695211437979439,-0.0695211437979439,19.119839662880796,13.59831828784693,in_city,ridge
protocol_122_raw,structural43,intersection_nodes,NewYork,,,,,,,,,,,negative_r2_in_city_ridge,0.3021445868925416,-0.3021445868925416,25.283284599025706,17.286788630148422,in_city,ridge
protocol_122_raw,structural43,intersection_nodes,Paris,,,,,,,,,,,negative_r2_in_city_ridge,0.3588254980972585,-0.3588254980972585,43.23398788095951,32.64366302361845,in_city,ridge
protocol_122_raw,structural43,intersection_nodes,Paris,,,,,,,,,,,negative_r2_in_city_tabular_knn,0.5837111528442478,-0.5837111528442478,46.67468978650706,36.36666666666667,in_city,tabular_knn
protocol_122_raw,structural43,intersection_nodes,Riyadh,,,,,,,,,,,negative_r2_in_city_ridge,0.1962723368953014,-0.1962723368953014,4.140841721457847,2.6009894630329238,in_city,ridge
protocol_122_raw,structural43,intersection_nodes,Riyadh,,,,,,,,,,,negative_r2_in_city_tabular_knn,0.3832558139534885,-0.3832558139534885,4.452714527865745,2.8000000000000003,in_city,tabular_knn
protocol_122_raw,structural43,intersection_nodes,Rome,,,,,,,,,,,negative_r2_in_city_ridge,0.0236674897073816,-0.0236674897073816,16.122228033418107,13.273676900751466,in_city,ridge
protocol_122_raw,structural43,intersection_nodes,Santiago,,,,,,,,,,,negative_r2_in_city_ridge,0.1768561527327776,-0.1768561527327776,11.927649923011574,8.697488628340624,in_city,ridge
protocol_122_raw,structural43,intersection_nodes,Santiago,,,,,,,,,,,negative_r2_in_city_tabular_knn,1.0574816176470594,-1.0574816176470594,15.771070561844136,12.233333333333334,in_city,tabular_knn
protocol_122_raw,structural43,intersection_nodes,SaoPaulo,,,,,,,,,,,negative_r2_in_city_tabular_knn,0.7862322946175635,-0.7862322946175635,8.37018518313663,8.166666666666666,in_city,tabular_knn
protocol_122_raw,structural43,intersection_nodes,Seoul,,,,,,,,,,,negative_r2_in_city_tabular_knn,0.1575743707093819,-0.1575743707093819,7.497110554518098,6.366666666666667,in_city,tabular_knn
protocol_122_raw,structural43,intersection_nodes,Seoul,,,,,,,,,,,negative_r2_in_city_ridge,0.5395492140512064,-0.5395492140512064,7.0916811118619405,5.727228942388416,in_city,ridge
protocol_122_raw,structural43,intersection_nodes,Seoul,,,,,,,,,,,negative_r2_in_city_tabular_knn,0.0504081632653061,-0.0504081632653061,5.857758388098073,4.500000000000001,in_city,tabular_knn
protocol_122_raw,structural43,intersection_nodes,Shanghai,,,,,,,,,,,negative_r2_in_city_tabular_knn,0.0841015625000005,-0.0841015625000005,7.85323712448143,6.166666666666667,in_city,tabular_knn
protocol_122_raw,structural43,intersection_nodes,Tokyo,,,,,,,,,,,negative_r2_in_city_ridge,0.1923074062857015,-0.1923074062857015,49.022054390541214,24.322003553202943,in_city,ridge
protocol_122_raw,structural43,intersection_nodes,Tokyo,,,,,,,,,,,negative_r2_in_city_tabular_knn,0.3325821389195145,-0.3325821389195145,51.82560499727266,27.73333333333333,in_city,tabular_knn
protocol_122_raw,structural43,intersection_nodes,Tokyo,,,,,,,,,,,negative_r2_in_city_ridge,7.603021103645238,-7.603021103645238,25.88589876458977,22.4947979514504,in_city,ridge
protocol_122_raw,structural43,intersection_nodes,Tokyo,,,,,,,,,,,negative_r2_in_city_tabular_knn,1.4978316690442224,-1.4978316690442224,13.9482376425602,11.9,in_city,tabular_knn
protocol_122_raw,structural43,intersection_nodes,Tokyo,,,,,,,,,,,negative_r2_in_city_ridge,3.170086514940441,-3.170086514940441,24.86160674822515,22.574385063724343,in_city,ridge
protocol_122_raw,structural43,intersection_nodes,Tokyo,,,,,,,,,,,negative_r2_in_city_tabular_knn,2.433043478260869,-2.433043478260869,22.557777668319485,18.133333333333333,in_city,tabular_knn
protocol_122_raw,structural43,intersection_nodes,Toronto,,,,,,,,,,,negative_r2_in_city_ridge,0.0526250953010245,-0.0526250953010245,8.152397128076345,5.567040441397833,in_city,ridge
protocol_122_raw,structural43,intersection_nodes,Vienna,,,,,,,,,,,negative_r2_in_city_ridge,3.462631986517388,-3.462631986517388,11.16162217706774,8.68675816544151,in_city,ridge
protocol_122_raw,structural43,intersection_nodes,Vienna,,,,,,,,,,,negative_r2_in_city_tabular_knn,0.0347362812999467,-0.0347362812999467,14.69013274276308,9.8,in_city,tabular_knn
protocol_122_raw,structural43,intersection_nodes,Vienna,,,,,,,,,,,negative_r2_in_city_ridge,1.4389073847251752,-1.4389073847251752,12.144387565806667,11.238401986591782,in_city,ridge
protocol_122_raw,structural43,intersection_nodes,Vienna,,,,,,,,,,,negative_r2_in_city_tabular_knn,0.0470923288929718,-0.0470923288929718,7.957386505631104,6.066666666666666,in_city,tabular_knn
